"Fivemer","Mutability"
"AAAAA",0.0018210107848663
"AAAAC",0.0011448782843769
"AAAAG",0.00143070748730706
"AAAAT",0.00312015207373565
"AAAAN",0.00187918715757148
"AAACA",0.00112194123613468
"AAACC",0.00117407627343945
"AAACG",0.00212894264023791
"AAACT",0.000643480464942474
"AAACN",0.00126711015368863
"AAAGA",0.00114732802636909
"AAAGC",0.00147941432470949
"AAAGG",0.000711660825001181
"AAAGT",0.00128416218994354
"AAAGN",0.00115564134150582
"AAATA",0.00210070953037458
"AAATC",0.00186619955058904
"AAATG",0.00181888342138974
"AAATT",0.00287488170693837
"AAATN",0.00216516855232293
"AAANA",0.00154774739443616
"AAANC",0.00141614210827872
"AAANG",0.00152254859348397
"AAANT",0.00198066910889001
"AAANN",0.00161677680127222
"AACAA",0.00218141884551143
"AACAC",0.00127575263652556
"AACAG",0.00116631510302928
"AACAT",0.00105573116132988
"AACAN",0.00141980443659904
"AACCA",0.00238279601543364
"AACCC",0.00207809138349954
"AACCG",0.00151386532568611
"AACCT",0.00166588348369417
"AACCN",0.00191015905207837
"AACGA",0.00171907762363567
"AACGC",0.000609846278321325
"AACGG",0.00184774758213197
"AACGT",0.00193902818828447
"AACGN",0.00152892491809336
"AACTA",0.0016892760647489
"AACTC",0.00227116696787486
"AACTG",0.00246740848975019
"AACTT",0.00161570337705346
"AACTN",0.00201088872485685
"AACNA",0.00199314213733241
"AACNC",0.00155871431655532
"AACNG",0.00174883412514939
"AACNT",0.0015690865525905
"AACNN",0.0017174442829069
"AAGAA",0.000300478740723155
"AAGAC",0.000190903038476879
"AAGAG",0.000287247553516102
"AAGAT",0.0007643762778333
"AAGAN",0.000385751402637359
"AAGCA",0.00224609856943732
"AAGCC",0.000157523386035418
"AAGCG",0.00118991144062698
"AAGCT",0.00196249581953451
"AAGCN",0.00138900730390856
"AAGGA",0.000339783352246658
"AAGGC",0.000109374824414244
"AAGGG",0.000104478091015798
"AAGGT",0.000902950259181187
"AAGGN",0.000364146631714472
"AAGTA",0.00332417076836489
"AAGTC",0.000154467057324475
"AAGTG",0.0007264536959973
"AAGTT",0.00146801472529541
"AAGTN",0.00141827656174552
"AAGNA",0.00155263285769301
"AAGNC",0.000153067076562754
"AAGNG",0.000577022695289044
"AAGNT",0.0012744592704611
"AAGNN",0.000889295475001476
"AATAA",0.00111514238730654
"AATAC",0.0011878164316426
"AATAG",0.00190472515332347
"AATAT",0.00144495474209224
"AATAN",0.00141315967859121
"AATCA",0.000665561179688605
"AATCC",0.000381931464844384
"AATCG",0.000443018554883548
"AATCT",0.000506778826270373
"AATCN",0.000499322506421727
"AATGA",0.000471326093360157
"AATGC",0.00113638666826361
"AATGG",0.00143319647490472
"AATGT",0.000975901146485995
"AATGN",0.00100420259575362
"AATTA",0.000556960695313425
"AATTC",0.00102742947910327
"AATTG",0.00140433673203358
"AATTT",0.00131637340761937
"AATTN",0.00107627507851741
"AATNA",0.000702247588917181
"AATNC",0.000933391010963464
"AATNG",0.00129631922878633
"AATNT",0.001061002030617
"AATNN",0.000998239964820993
"AANAA",NA
"AANAC",NA
"AANAG",NA
"AANAT",NA
"AANAN",NA
"AANCA",NA
"AANCC",NA
"AANCG",NA
"AANCT",NA
"AANCN",NA
"AANGA",NA
"AANGC",NA
"AANGG",NA
"AANGT",NA
"AANGN",NA
"AANTA",NA
"AANTC",NA
"AANTG",NA
"AANTT",NA
"AANTN",NA
"AANNA",NA
"AANNC",NA
"AANNG",NA
"AANNT",NA
"AANNN",NA
"ACAAA",0.000496173814551605
"ACAAC",0.000597765341504899
"ACAAG",0.000646447695118261
"ACAAT",0.00118335928867384
"ACAAN",0.000730936534962151
"ACACA",0.000356640828516217
"ACACC",0.00138028224443589
"ACACG",0.000879105761817866
"ACACT",0.000472722127442191
"ACACN",0.00077218774055304
"ACAGA",0.000623374893653379
"ACAGC",0.000751321248048122
"ACAGG",0.000361653165234975
"ACAGT",0.00080931707588025
"ACAGN",0.000636416595704182
"ACATA",0.000875339145411609
"ACATC",0.000635523033594805
"ACATG",0.00113238232754094
"ACATT",0.00113238232754094
"ACATN",0.000943906708522075
"ACANA",0.000587882170533203
"ACANC",0.000841222966895928
"ACANG",0.000754897237428011
"ACANT",0.000899445204884306
"ACANN",0.000770861894935362
"ACCAA",0.000457630504102322
"ACCAC",0.000386968589160799
"ACCAG",0.000546715827051689
"ACCAT",0.000265951913867629
"ACCAN",0.00041431670854561
"ACCCA",0.000493575162110194
"ACCCC",0.000522922062403212
"ACCCG",0.000479923254004703
"ACCCT",0.000306120027832539
"ACCCN",0.000450635126587662
"ACCGA",0.000227736324707409
"ACCGC",0.000326371131836479
"ACCGG",0.000190235744140941
"ACCGT",0.000168857120215124
"ACCGN",0.000228300080224988
"ACCTA",0.000987959862208671
"ACCTC",0.00069586486757928
"ACCTG",0.00105924229336113
"ACCTT",0.0008019689721693
"ACCTN",0.000886258998829596
"ACCNA",0.000541725463282149
"ACCNC",0.000483031662744943
"ACCNG",0.000569029279639616
"ACCNT",0.000385724508521148
"ACCNN",0.000494877728546964
"ACGAA",0.00048708749267659
"ACGAC",0.000172887678906537
"ACGAG",0.000413123529883498
"ACGAT",0.00272308752539515
"ACGAN",0.000949046556715443
"ACGCA",0.00272431508369593
"ACGCC",0.000471719157910939
"ACGCG",0.000644398454590914
"ACGCT",0.00336728275342356
"ACGCN",0.00180192886240534
"ACGGA",0.000806061937306026
"ACGGC",0.000131231912011937
"ACGGG",0.000171377318066691
"ACGGT",0.000315231516309117
"ACGGN",0.000355975670923443
"ACGTA",0.00539275208702067
"ACGTC",0.00047591442187579
"ACGTG",0.00104361575703298
"ACGTT",0.00166128194267854
"ACGTN",0.002143391052152
"ACGNA",0.0023525541501748
"ACGNC",0.000312938292676301
"ACGNG",0.000568128764893521
"ACGNT",0.00201672093445159
"ACGNN",0.00131258553554905
"ACTAA",0.001168521255666
"ACTAC",0.000936447763575773
"ACTAG",0.00100443624824385
"ACTAT",0.000865370627931124
"ACTAN",0.000993693973854189
"ACTCA",0.000441338044824951
"ACTCC",0.000259998159570744
"ACTCG",0.00034017637539119
"ACTCT",0.0005046215494149
"ACTCN",0.000386533532300446
"ACTGA",0.000200956326855802
"ACTGC",0.000833819964649822
"ACTGG",0.000340629645215409
"ACTGT",0.000290565642578607
"ACTGN",0.00041649289482491
"ACTTA",0.00104560701855642
"ACTTC",0.000953437712501583
"ACTTG",0.00118624609648634
"ACTTT",0.000594083773926768
"ACTTN",0.000944843650367779
"ACTNA",0.000714105661475795
"ACTNC",0.00074592590007448
"ACTNG",0.0007178720913342
"ACTNT",0.00056366039846285
"ACTNN",0.000685391012836831
"ACNAA",NA
"ACNAC",NA
"ACNAG",NA
"ACNAT",NA
"ACNAN",NA
"ACNCA",NA
"ACNCC",NA
"ACNCG",NA
"ACNCT",NA
"ACNCN",NA
"ACNGA",NA
"ACNGC",NA
"ACNGG",NA
"ACNGT",NA
"ACNGN",NA
"ACNTA",NA
"ACNTC",NA
"ACNTG",NA
"ACNTT",NA
"ACNTN",NA
"ACNNA",NA
"ACNNC",NA
"ACNNG",NA
"ACNNT",NA
"ACNNN",NA
"AGAAA",0.000364378563184199
"AGAAC",0.000317419607422402
"AGAAG",0.000519083269434455
"AGAAT",0.000294206782422363
"AGAAN",0.000373772055615855
"AGACA",0.000722853623536356
"AGACC",0.000733698699317624
"AGACG",0.000642160194337004
"AGACT",0.000163632986719022
"AGACN",0.000565586375977501
"AGAGA",0.000651209497559675
"AGAGC",0.000299937260449717
"AGAGG",0.000888250916896006
"AGAGT",0.000411671147363965
"AGAGN",0.000562767205567341
"AGATA",0.000446264512989022
"AGATC",0.000270226646875449
"AGATG",0.000639229079883874
"AGATT",0.000380735325781882
"AGATN",0.000434113891382557
"AGANA",0.000546176549317313
"AGANC",0.000405320553516298
"AGANG",0.000672180865137835
"AGANT",0.000312561560571808
"AGANN",0.000484059882135813
"AGCAA",0.00389923788535804
"AGCAC",0.00386799128760408
"AGCAG",0.00413341777764358
"AGCAT",0.00443521231563236
"AGCAN",0.00408396481655951
"AGCCA",0.00175269999638963
"AGCCC",0.004195312421589
"AGCCG",0.00302644708574721
"AGCCT",0.000907027168165568
"AGCCN",0.00247037166797285
"AGCGA",0.00321120535303267
"AGCGC",0.000749357499415307
"AGCGG",0.00247264992871504
"AGCGT",0.00318448326855997
"AGCGN",0.00240442401243075
"AGCTA",0.00309919904600124
"AGCTC",0.00151145744687751
"AGCTG",0.00301655028740735
"AGCTT",0.00362267411934195
"AGCTN",0.00281247022490701
"AGCNA",0.00299058557019539
"AGCNC",0.00258102966387147
"AGCNG",0.0031622662698783
"AGCNT",0.00303734921792496
"AGCNN",0.00294280768046753
"AGGAA",0.000500365874219581
"AGGAC",0.000235016002441796
"AGGAG",0.000111241091308778
"AGGAT",0.000612989368458049
"AGGAN",0.000364903084107051
"AGGCA",0.000275116458984832
"AGGCC",0.000208590421387065
"AGGCG",0.000283532018945783
"AGGCT",0.00312310140605987
"AGGCN",0.000972585076344388
"AGGGA",0.000635739121583087
"AGGGC",0.000184171121387024
"AGGGG",0.000122305541797078
"AGGGT",0.000684231422266761
"AGGGN",0.000406611801758488
"AGGTA",0.00289901661162591
"AGGTC",6.19657519532279e-05
"AGGTG",0.00104361575703298
"AGGTT",0.00182513023535459
"AGGTN",0.00145743208899168
"AGGNA",0.00107755951660335
"AGGNC",0.000172435824292278
"AGGNG",0.000390173602271156
"AGGNT",0.00156136310803482
"AGGNN",0.000800383012800401
"AGTAA",0.000528541350586815
"AGTAC",0.000645374941797946
"AGTAG",0.00145534163183835
"AGTAT",0.000992782731446961
"AGTAN",0.000905510163917519
"AGTCA",0.000611583874805703
"AGTCC",0.000663636028321414
"AGTCG",0.000507623392285999
"AGTCT",0.00034482823574276
"AGTCN",0.000531917882788969
"AGTGA",0.000477413121582824
"AGTGC",0.000358870587891221
"AGTGG",0.000675980808008935
"AGTGT",0.00055086003398529
"AGTGN",0.000515781137867067
"AGTTA",0.000259703293164494
"AGTTC",0.000989921347071956
"AGTTG",0.000590409257325199
"AGTTT",0.000768380932423151
"AGTTN",0.0006521037074962
"AGTNA",0.000469310410034959
"AGTNC",0.000664450726270634
"AGTNG",0.000807338772364622
"AGTNT",0.00066421298339954
"AGTNN",0.000651328223017439
"AGNAA",NA
"AGNAC",NA
"AGNAG",NA
"AGNAT",NA
"AGNAN",NA
"AGNCA",NA
"AGNCC",NA
"AGNCG",NA
"AGNCT",NA
"AGNCN",NA
"AGNGA",NA
"AGNGC",NA
"AGNGG",NA
"AGNGT",NA
"AGNGN",NA
"AGNTA",NA
"AGNTC",NA
"AGNTG",NA
"AGNTT",NA
"AGNTN",NA
"AGNNA",NA
"AGNNC",NA
"AGNNG",NA
"AGNNT",NA
"AGNNN",NA
"ATAAA",0.00150571402392828
"ATAAC",0.00164001731318632
"ATAAG",0.00103520941191578
"ATAAT",0.00118705788662306
"ATAAN",0.00134199965891336
"ATACA",0.00198680929902674
"ATACC",0.00169452282285438
"ATACG",0.0015483795847682
"ATACT",0.00169452282285438
"ATACN",0.00173105863237592
"ATAGA",0.00109009162939634
"ATAGC",0.00128376303174041
"ATAGG",0.00171699112197551
"ATAGT",0.00135118457422099
"ATAGN",0.00136050758933331
"ATATA",0.00181407041426082
"ATATC",0.00268474867773883
"ATATG",0.00383640974004543
"ATATT",0.00250305127939869
"ATATN",0.00270957002786094
"ATANA",0.00159917134165305
"ATANC",0.00182576296137998
"ATANG",0.00203424746467623
"ATANT",0.00168395414077428
"ATANN",0.00178578397712088
"ATCAA",0.00045024426191481
"ATCAC",0.000534580836426669
"ATCAG",0.000715728980860563
"ATCAT",0.000342048436621662
"ATCAN",0.000510650628955926
"ATCCA",0.000372958358692025
"ATCCC",0.000604205223731472
"ATCCG",0.000581724040040028
"ATCCT",0.00227765923594128
"ATCCN",0.000959136714601202
"ATCGA",0.00102215971836107
"ATCGC",0.000308577349414575
"ATCGG",0.000349275597461517
"ATCGT",0.000454915669629661
"ATCGN",0.000533732083716706
"ATCTA",0.00149165233652591
"ATCTC",0.000816414061231824
"ATCTG",0.00177805933955373
"ATCTT",0.00154901731113538
"ATCTN",0.00140878576211171
"ATCNA",0.000834253668873455
"ATCNC",0.000565944367701135
"ATCNG",0.00085619698947896
"ATCNT",0.001155910163332
"ATCNN",0.000853076297346387
"ATGAA",0.000639560887403405
"ATGAC",0.000156626072461198
"ATGAG",0.000447731445508556
"ATGAT",0.0016165041736355
"ATGAN",0.000715105644752164
"ATGCA",0.00303619311172379
"ATGCC",0.000471719157910939
"ATGCG",0.00100526489023604
"ATGCT",0.00205724436631201
"ATGCN",0.0016426053815457
"ATGGA",0.000832784482813882
"ATGGC",0.000144125577343989
"ATGGG",8.09251059571656e-05
"ATGGT",0.00062625136406354
"ATGGN",0.000421021632544644
"ATGTA",0.00349065581084564
"ATGTC",0.000387978942090488
"ATGTG",0.00114525453369331
"ATGTT",0.00186507430117497
"ATGTN",0.0017222408969511
"ATGNA",0.00199979857319668
"ATGNC",0.000290112437451653
"ATGNG",0.000669793993848768
"ATGNT",0.0015412685512965
"ATGNN",0.0011252433889484
"ATTAA",0.00125257039717005
"ATTAC",0.00139915610000232
"ATTAG",0.00205046094355809
"ATTAT",0.00172424532470989
"ATTAN",0.00160660819136009
"ATTCA",0.0003992579677741
"ATTCC",0.0003992579677741
"ATTCG",0.0003992579677741
"ATTCT",0.0003992579677741
"ATTCN",0.0003992579677741
"ATTGA",0.000335246595703682
"ATTGC",0.000524830407227434
"ATTGG",0.000504620645020369
"ATTGT",0.000616103758985398
"ATTGN",0.000495200351734221
"ATTTA",0.000566249116016565
"ATTTC",0.000876769914747549
"ATTTG",0.000800166899415391
"ATTTT",0.000455869436035913
"ATTTN",0.000674763841553854
"ATTNA",0.000638331019166099
"ATTNC",0.000800003597437852
"ATTNG",0.000938626613941988
"ATTNT",0.000798869121876326
"ATTNN",0.000793957588105566
"ATNAA",NA
"ATNAC",NA
"ATNAG",NA
"ATNAT",NA
"ATNAN",NA
"ATNCA",NA
"ATNCC",NA
"ATNCG",NA
"ATNCT",NA
"ATNCN",NA
"ATNGA",NA
"ATNGC",NA
"ATNGG",NA
"ATNGT",NA
"ATNGN",NA
"ATNTA",NA
"ATNTC",NA
"ATNTG",NA
"ATNTT",NA
"ATNTN",NA
"ATNNA",NA
"ATNNC",NA
"ATNNG",NA
"ATNNT",NA
"ATNNN",NA
"ANAAA",0.0010468192966326
"ANAAC",0.000925020136622629
"ANAAG",0.00090786196594389
"ANAAT",0.00144619400786373
"ANAAN",0.00108147385176571
"ANACA",0.0010470612468035
"ANACC",0.00124564501001183
"ANACG",0.00129964704529024
"ANACT",0.000743589600489516
"ANACN",0.00108398572564877
"ANAGA",0.000878001011744622
"ANAGC",0.000953608966236935
"ANAGG",0.000919639007276917
"ANAGT",0.000964083746852186
"ANAGN",0.000928833183027665
"ANATA",0.00130909590075901
"ANATC",0.00136417447719953
"ANATG",0.001856726142215
"ANATT",0.00172276265991497
"ANATN",0.00156318979502213
"ANANA",0.00107024436398493
"ANANC",0.00112211214751773
"ANANG",0.00124596854018151
"ANANT",0.0012191575037801
"ANANN",0.00116437063886607
"ANCAA",0.00174713287422165
"ANCAC",0.00151632333742928
"ANCAG",0.00164054442214628
"ANCAT",0.00152473595686288
"ANCAN",0.00160718414766502
"ANCCA",0.00125050738315637
"ANCCC",0.00185013277280581
"ANCCG",0.00140048992636951
"ANCCT",0.00128917247890839
"ANCCN",0.00144757564031002
"ANCGA",0.00154504475493421
"ANCGC",0.000498538064746921
"ANCGG",0.00121497721311237
"ANCGT",0.00143682106167231
"ANCGN",0.00117384527361645
"ANCTA",0.00181702182737118
"ANCTC",0.00132372583589087
"ANCTG",0.0020803151025181
"ANCTT",0.00189734094492502
"ANCTN",0.00177960092767629
"ANCNA",0.00158992670992085
"ANCNC",0.00129718000271822
"ANCNG",0.00158408166603657
"ANCNT",0.00153701761059215
"ANCNN",0.00150205149731695
"ANGAA",0.000481873248755683
"ANGAC",0.000188858198071603
"ANGAG",0.000314835905054234
"ANGAT",0.0014292393363305
"ANGAN",0.000603701672053004
"ANGCA",0.00207043080596047
"ANGCC",0.00032738803081109
"ANGCG",0.000780776701099929
"ANGCT",0.00262753108633249
"ANGCN",0.00145153165605099
"ANGGA",0.000653592223487413
"ANGGC",0.000142225858789299
"ANGGG",0.000119771514209183
"ANGGT",0.000632166140455151
"ANGGN",0.000386938934235261
"ANGTA",0.00377664881946428
"ANGTC",0.000270081543310995
"ANGTG",0.000989734935939143
"ANGTT",0.00170487530112588
"ANGTN",0.00168533514996007
"ANGNA",0.00174563627441696
"ANGNC",0.000232138407745747
"ANGNG",0.000551279764075622
"ANGNT",0.001598452966061
"ANGNN",0.00103187685307483
"ANTAA",0.00101619384768235
"ANTAC",0.00104219880925466
"ANTAG",0.00160374099424094
"ANTAT",0.00125683835654506
"ANTAN",0.00122974300193075
"ANTCA",0.00052943526677334
"ANTCC",0.000426205905127661
"ANTCG",0.000422519072583709
"ANTCT",0.000438871644800533
"ANTCN",0.000454257972321311
"ANTGA",0.000371235534375616
"ANTGC",0.00071347690700802
"ANTGG",0.000738606893287359
"ANTGT",0.000608357645508823
"ANTGN",0.000607919245044955
"ANTTA",0.000607130030762727
"ANTTC",0.000961889613356089
"ANTTG",0.000995289746315129
"ANTTT",0.000783676887501301
"ANTTN",0.000836996569483811
"ANTNA",0.000630998669898508
"ANTNC",0.000785942808686607
"ANTNG",0.000940039176606785
"ANTNT",0.000771936133588928
"ANTNN",0.000782229197195207
"ANNAA",NA
"ANNAC",NA
"ANNAG",NA
"ANNAT",NA
"ANNAN",NA
"ANNCA",NA
"ANNCC",NA
"ANNCG",NA
"ANNCT",NA
"ANNCN",NA
"ANNGA",NA
"ANNGC",NA
"ANNGG",NA
"ANNGT",NA
"ANNGN",NA
"ANNTA",NA
"ANNTC",NA
"ANNTG",NA
"ANNTT",NA
"ANNTN",NA
"ANNNA",NA
"ANNNC",NA
"ANNNG",NA
"ANNNT",NA
"ANNNN",NA
"CAAAA",0.0016142133432644
"CAAAC",0.00173790479424117
"CAAAG",0.0017839856209014
"CAAAT",0.0015823434127956
"CAAAN",0.00167961179280064
"CAACA",0.00212894264023791
"CAACC",0.000643480464942474
"CAACG",0.00112194123613468
"CAACT",0.00117407627343945
"CAACN",0.00126711015368863
"CAAGA",0.000691298986231616
"CAAGC",0.00103320049951343
"CAAGG",0.00279498602275855
"CAAGT",0.00104794572343924
"CAAGN",0.00139185780798571
"CAATA",0.00200289722988614
"CAATC",0.0015033485493189
"CAATG",0.00210232932070662
"CAATT",0.00209266839639019
"CAATN",0.00192531087407546
"CAANA",0.00160933804990502
"CAANC",0.00122948357700399
"CAANG",0.00195081055012531
"CAANT",0.00147425845151612
"CAANN",0.00156597265713761
"CACAA",0.000352641755762304
"CACAC",0.000455365943457787
"CACAG",0.000704752994630076
"CACAT",0.000361262851758412
"CACAN",0.000468505886402145
"CACCA",0.000455414778516381
"CACCC",0.000199508976660487
"CACCG",0.000406164050684268
"CACCT",0.000569848298926727
"CACCN",0.000407734026196966
"CACGA",0.00052089165273524
"CACGC",0.000623615840430723
"CACGG",0.00014619268574243
"CACGT",0.000246823572949629
"CACGN",0.000384380937964505
"CACTA",0.00061040572744242
"CACTC",0.000364758026270137
"CACTG",0.000818041787599014
"CACTT",0.000350151552344331
"CACTN",0.000535839273413975
"CACNA",0.000484838478614086
"CACNC",0.000410812196704784
"CACNG",0.000518787879663947
"CACNT",0.000382021568994775
"CACNN",0.000449115030994398
"CAGAA",0.000316558356738807
"CAGAC",7.86433891602868e-05
"CAGAG",0.000430410185254621
"CAGAT",0.000419396611914759
"CAGAN",0.000311252135767118
"CAGCA",0.00184912432090151
"CAGCC",0.000208590421387065
"CAGCG",0.000644398454590914
"CAGCT",0.00216215937129265
"CAGCN",0.00121606814204303
"CAGGA",0.000624460646973693
"CAGGC",9.23718624024971e-05
"CAGGG",7.82793966798175e-05
"CAGGT",0.00066403502324329
"CAGGN",0.000364786732324824
"CAGTA",0.00409266185752633
"CAGTC",0.000804844182520867
"CAGTG",0.000852647170704541
"CAGTT",0.00156923120469011
"CAGTN",0.00182984610386046
"CAGNA",0.00172070129553508
"CAGNC",0.000296112463867679
"CAGNG",0.000501433801807473
"CAGNT",0.0012037055527852
"CAGNN",0.000930488278498859
"CATAA",0.00172470578974896
"CATAC",0.00126736508154507
"CATAG",0.00127521056015837
"CATAT",0.00148776934756106
"CATAN",0.00143876269475337
"CATCA",0.000441013668750732
"CATCC",0.000452838893555439
"CATCG",0.000480108992285953
"CATCT",0.000546474414551688
"CATCN",0.000480108992285953
"CATGA",0.00133415802871315
"CATGC",0.00117888944160352
"CATGG",0.0010275185756853
"CATGT",0.000988479568361016
"CATGN",0.00113226140359075
"CATTA",0.00102057124199388
"CATTC",0.000967229284669574
"CATTG",0.00331720377315004
"CATTT",0.000987348554103202
"CATTN",0.00157308821347917
"CATNA",0.00113011218230168
"CATNC",0.000966580675343402
"CATNG",0.00152501047531991
"CATNT",0.00100251797114424
"CATNN",0.00115605532602731
"CANAA",NA
"CANAC",NA
"CANAG",NA
"CANAT",NA
"CANAN",NA
"CANCA",NA
"CANCC",NA
"CANCG",NA
"CANCT",NA
"CANCN",NA
"CANGA",NA
"CANGC",NA
"CANGG",NA
"CANGT",NA
"CANGN",NA
"CANTA",NA
"CANTC",NA
"CANTG",NA
"CANTT",NA
"CANTN",NA
"CANNA",NA
"CANNC",NA
"CANNG",NA
"CANNT",NA
"CANNN",NA
"CCAAA",0.000820098344727924
"CCAAC",0.000561070574903275
"CCAAG",0.000768004851563775
"CCAAT",0.000678660664942533
"CCAAN",0.000706958609034377
"CCACA",0.000996193571876654
"CCACC",0.000906428513966348
"CCACG",0.000822231407130271
"CCACT",0.000769678191407528
"CCACN",0.0008736329210952
"CCAGA",0.000186440605371403
"CCAGC",0.000705143331641796
"CCAGG",0.000533536290137604
"CCAGT",0.000587955802149414
"CCAGN",0.000503269007325054
"CCATA",0.000980322719825846
"CCATC",0.00127537151631071
"CCATG",0.000982900383400069
"CCATT",0.000982900383400069
"CCATN",0.00105537375073417
"CCANA",0.000745763810450457
"CCANC",0.000862003484205533
"CCANG",0.00077666823305793
"CCANT",0.000754798760474886
"CCANN",0.000784808572047201
"CCCAA",0.000165343472558868
"CCCAC",0.000135415856543194
"CCCAG",0.000173387216894819
"CCCAT",0.000181786833398739
"CCCAN",0.000163983344848905
"CCCCA",0.000174392031152633
"CCCCC",8.11245050782597e-05
"CCCCG",0.000184245487207337
"CCCCT",0.000190835391992504
"CCCCN",0.000157649353857684
"CCCGA",0.000180341852734674
"CCCGC",6.08546211915073e-05
"CCCGG",8.61734942384243e-05
"CCCGT",8.16816875001356e-05
"CCCGN",0.000102262913916185
"CCCTA",8.90500329103041e-05
"CCCTC",0.000462933418067175
"CCCTG",0.000219293109375364
"CCCTT",0.000108782065918149
"CCCTN",0.000220014656567748
"CCCNA",0.00015228184733912
"CCCNC",0.000185082100220034
"CCCNG",0.000165774826928986
"CCCNT",0.000140771494702382
"CCCNN",0.000160977567297631
"CCGAA",0.000474849247852351
"CCGAC",0.00022736539707069
"CCGAG",0.000491712056348473
"CCGAT",0.000996427154591498
"CCGAN",0.000547588463965753
"CCGCA",0.0029984565276417
"CCGCC",0.000157523386035418
"CCGCG",0.000826236116602934
"CCGCT",0.00227598822099987
"CCGCN",0.00156455106281998
"CCGGA",0.000802252863184926
"CCGGC",0.000117814224218946
"CCGGG",6.12915558594768e-05
"CCGGT",0.000707998093848832
"CCGGN",0.000422339184278045
"CCGTA",0.0043713443249096
"CCGTC",0.000268157104687945
"CCGTG",0.00100155126543135
"CCGTT",0.00179273812705376
"CCGTN",0.00185844770552066
"CCGNA",0.00216172574089714
"CCGNC",0.00019271502800325
"CCGNG",0.000595197748560558
"CCGNT",0.00144328789912349
"CCGNN",0.00109823160414611
"CCTAA",0.000898840914356961
"CCTAC",0.00127780521347868
"CCTAG",0.00149821256279546
"CCTAT",0.00123274600576377
"CCTAN",0.00122690117409872
"CCTCA",0.000396003073535814
"CCTCC",0.000479216209668764
"CCTCG",0.000313450303516145
"CCTCT",0.000423080419434296
"CCTCN",0.000402937501538755
"CCTGA",0.000368109802539674
"CCTGC",0.000247898836133224
"CCTGG",0.00101411891142746
"CCTGT",0.000602494362305688
"CCTGN",0.000558155478101513
"CCTTA",0.0010070021597673
"CCTTC",0.000607597733790071
"CCTTG",0.000626454423145571
"CCTTT",0.00164426994834257
"CCTTN",0.000971331066261378
"CCTNA",0.000667488987549936
"CCTNC",0.000653129498267686
"CCTNG",0.000863059050221159
"CCTNT",0.000975647683961581
"CCTNN",0.000789831305000091
"CCNAA",NA
"CCNAC",NA
"CCNAG",NA
"CCNAT",NA
"CCNAN",NA
"CCNCA",NA
"CCNCC",NA
"CCNCG",NA
"CCNCT",NA
"CCNCN",NA
"CCNGA",NA
"CCNGC",NA
"CCNGG",NA
"CCNGT",NA
"CCNGN",NA
"CCNTA",NA
"CCNTC",NA
"CCNTG",NA
"CCNTT",NA
"CCNTN",NA
"CCNNA",NA
"CCNNC",NA
"CCNNG",NA
"CCNNT",NA
"CCNNN",NA
"CGAAA",0.000567425066895473
"CGAAC",0.000657565610059685
"CGAAG",0.000538785811426676
"CGAAT",0.000621835609473688
"CGAAN",0.000596403024463881
"CGACA",0.000920771123829654
"CGACC",0.000580102056739244
"CGACG",0.000473049017383598
"CGACT",0.000724316280176984
"CGACN",0.00067455961953237
"CGAGA",0.00111894734111514
"CGAGC",0.00059778080918068
"CGAGG",0.00054049460175871
"CGAGT",0.000828464459181063
"CGAGN",0.000771421802808898
"CGATA",0.000687150981641766
"CGATC",0.000685389549219888
"CGATG",0.000419089897852258
"CGATT",0.000919464235939026
"CGATN",0.000677773666163235
"CGANA",0.000823573628370508
"CGANC",0.000630209506299874
"CGANG",0.00049285483210531
"CGANT",0.00077352014619269
"CGANN",0.000680039528242096
"CGCAA",0.00103304049433765
"CGCAC",0.000941188288282812
"CGCAG",0.000750481141407496
"CGCAT",0.000620988231934625
"CGCAN",0.000836424538990646
"CGCCA",0.000337552921289623
"CGCCC",0.00116513906806834
"CGCCG",0.000991053737599302
"CGCCT",0.000552771259668886
"CGCCN",0.000761629246656538
"CGCGA",0.000895689740138206
"CGCGC",0.000877148277052237
"CGCGG",0.000718107914063692
"CGCGT",0.00107066063115412
"CGCGN",0.000890401640602064
"CGCTA",0.00136111924326398
"CGCTC",0.000503770804297711
"CGCTG",0.00151330972890876
"CGCTT",0.000337552921289623
"CGCTN",0.000928938174440019
"CGCNA",0.000906850599757365
"CGCNC",0.000871811609425275
"CGCNG",0.000993238130494813
"CGCNT",0.000645493261011814
"CGCNN",0.000854348400172317
"CGGAA",0.000514103540332885
"CGGAC",0.000209395113672223
"CGGAG",0.000379019743652973
"CGGAT",0.00200969014140959
"CGGAN",0.000778052134766917
"CGGCA",0.00105847879140801
"CGGCC",0.00073484789453247
"CGGCG",0.000736721729786379
"CGGCT",0.00206999540830422
"CGGCN",0.00115001095600777
"CGGGA",0.000528502743457909
"CGGGC",0.000175187059570603
"CGGGG",0.000133634843847878
"CGGGT",0.000569388159180633
"CGGGN",0.000351678201514256
"CGGTA",0.00385963047305328
"CGGTC",0.000210306497754255
"CGGTG",0.00100155126543135
"CGGTT",0.0020132584525424
"CGGTN",0.00177118667219532
"CGGNA",0.00149017888706302
"CGGNC",0.000332434141382388
"CGGNG",0.000562731895679645
"CGGNT",0.00166558304035921
"CGGNN",0.00101273199112107
"CGTAA",0.00165873242470978
"CGTAC",0.00171401409433878
"CGTAG",0.00145003064111569
"CGTAT",0.00134028873037332
"CGTAN",0.00154076647263439
"CGTCA",0.000495647803125823
"CGTCC",0.000561358627149369
"CGTCG",0.000522665328418836
"CGTCT",0.000449583444239028
"CGTCN",0.000507313800733264
"CGTGA",0.00054181734921965
"CGTGC",0.000600768098047872
"CGTGG",0.000851138270411569
"CGTGT",0.000655188187891713
"CGTGN",0.000662227976392701
"CGTTA",0.000959678369532843
"CGTTC",0.000763975318360643
"CGTTG",0.000940459928810155
"CGTTT",0.000631051069532298
"CGTTN",0.000823791171558985
"CGTNA",0.000913968986647025
"CGTNC",0.000910029034474167
"CGTNG",0.000941073542189062
"CGTNT",0.000769027858009089
"CGTNN",0.000883524855329836
"CGNAA",NA
"CGNAC",NA
"CGNAG",NA
"CGNAT",NA
"CGNAN",NA
"CGNCA",NA
"CGNCC",NA
"CGNCG",NA
"CGNCT",NA
"CGNCN",NA
"CGNGA",NA
"CGNGC",NA
"CGNGG",NA
"CGNGT",NA
"CGNGN",NA
"CGNTA",NA
"CGNTC",NA
"CGNTG",NA
"CGNTT",NA
"CGNTN",NA
"CGNNA",NA
"CGNNC",NA
"CGNNG",NA
"CGNNT",NA
"CGNNN",NA
"CTAAA",0.00256714764687926
"CTAAC",0.00132855173222877
"CTAAG",0.00147975370761964
"CTAAT",0.00144179158886958
"CTAAN",0.00170431116889931
"CTACA",0.00144222654511958
"CTACC",0.00182067096172177
"CTACG",0.00165453262451447
"CTACT",0.00182067096172177
"CTACN",0.0016845252732694
"CTAGA",0.000874520531349108
"CTAGC",0.00136599310000227
"CTAGG",0.00119982769072465
"CTAGT",0.00150619438388922
"CTAGN",0.00123663392649131
"CTATA",0.00295246267461428
"CTATC",0.00262364723730904
"CTATG",0.00240159458603914
"CTATT",0.00264073044502392
"CTATN",0.00265460873574659
"CTANA",0.00195908934949056
"CTANC",0.00178471575781546
"CTANG",0.00168392715222448
"CTANT",0.00185234684487612
"CTANN",0.00182001977610165
"CTCAA",0.000396676618848315
"CTCAC",0.000152560682226816
"CTCAG",0.000341473303320879
"CTCAT",0.000312017348340362
"CTCAN",0.000300681988184093
"CTCCA",0.00018652831562531
"CTCCC",0.000350923583691989
"CTCCG",0.000281864115625468
"CTCCT",0.00030208789638722
"CTCCN",0.000280350977832497
"CTCGA",0.00028515604228563
"CTCGC",0.000318044530078653
"CTCGG",0.000262796955664499
"CTCGT",0.000282827966211407
"CTCGN",0.000287206373560047
"CTCTA",0.000268683777930134
"CTCTC",0.000266201813086379
"CTCTG",0.000353527064453712
"CTCTT",0.000269309729980916
"CTCTN",0.000289430596362785
"CTCNA",0.000284261188672347
"CTCNC",0.000271932652270959
"CTCNG",0.00030991535976614
"CTCNT",0.000291560735229976
"CTCNN",0.000289417483984855
"CTGAA",0.000557715726954051
"CTGAC",7.48870610352806e-05
"CTGAG",0.000513070301465696
"CTGAT",0.00163021973486599
"CTGAN",0.000693973206080254
"CTGCA",0.00124136122392784
"CTGCC",0.000157523386035418
"CTGCG",0.00109758816543151
"CTGCT",0.00241994967881261
"CTGCN",0.00122910561355185
"CTGGA",0.000373916271484996
"CTGGC",0.000145152901465085
"CTGGG",0.000175530316015916
"CTGGT",0.000296733570312993
"CTGGN",0.000247833264819747
"CTGTA",0.00155029664131117
"CTGTC",0.000144166642480708
"CTGTG",0.00108215779638852
"CTGTT",0.000846112508692811
"CTGTN",0.0009056833972183
"CTGNA",0.000930822465919514
"CTGNC",0.000130432497754123
"CTGNG",0.000717086644825409
"CTGNT",0.0012982538731711
"CTGNN",0.000769148870417537
"CTTAA",0.001563062214944
"CTTAC",0.00256157374219175
"CTTAG",0.00130874624980686
"CTTAT",0.00139749453759998
"CTTAN",0.00170771918613565
"CTTCA",0.000417440192774131
"CTTCC",0.000390166855176429
"CTTCG",0.000390166855176429
"CTTCT",0.000390166855176429
"CTTCN",0.000396985189575854
"CTTGA",0.000259742589844181
"CTTGC",0.000583029398047843
"CTTGG",0.000603991651954128
"CTTGT",0.000161095121094017
"CTTGN",0.000401964690235042
"CTTTA",0.000659866739844845
"CTTTC",0.000632962822266676
"CTTTG",0.000684523850001136
"CTTTT",0.000741687453516856
"CTTTN",0.000679760216407379
"CTTNA",0.00072502793435179
"CTTNC",0.00104193320442068
"CTTNG",0.000746857151734638
"CTTNT",0.00067261099184682
"CTTNN",0.000796607320588481
"CTNAA",NA
"CTNAC",NA
"CTNAG",NA
"CTNAT",NA
"CTNAN",NA
"CTNCA",NA
"CTNCC",NA
"CTNCG",NA
"CTNCT",NA
"CTNCN",NA
"CTNGA",NA
"CTNGC",NA
"CTNGG",NA
"CTNGT",NA
"CTNGN",NA
"CTNTA",NA
"CTNTC",NA
"CTNTG",NA
"CTNTT",NA
"CTNTN",NA
"CTNNA",NA
"CTNNC",NA
"CTNNG",NA
"CTNNT",NA
"CTNNN",NA
"CNAAA",0.00139222110044176
"CNAAC",0.00107127317785822
"CNAAG",0.00114263249787787
"CNAAT",0.00108115781902035
"CNAAN",0.00117182114879955
"CNACA",0.00137203347026595
"CNACC",0.00098767049934246
"CNACG",0.00101793857129075
"CNACT",0.00112218542668643
"CNACN",0.0011249569918964
"CNAGA",0.000717801866016817
"CNAGC",0.000925529435084544
"CNAGG",0.00126721115134488
"CNAGT",0.000992640092164734
"CNAGN",0.000975795636152743
"CNATA",0.00165570840149201
"CNATC",0.00152193921303964
"CNATG",0.00147647854699952
"CNATT",0.0016589408651883
"CNATN",0.00157826675667987
"CNANA",0.00128444120955413
"CNANC",0.00112660308133122
"CNANG",0.00122606519187826
"CNANT",0.00121373105076495
"CNANN",0.00121271013338214
"CNCAA",0.000486925585376785
"CNCAC",0.000421132692627652
"CNCAG",0.000492523664063318
"CNCAT",0.000369013816358034
"CNCAN",0.000442398939606447
"CNCCA",0.000288472011645987
"CNCCC",0.000449174033374769
"CNCCG",0.000465831847779094
"CNCCT",0.000403885711743835
"CNCCN",0.000401840901135921
"CNCGA",0.000470519821973437
"CNCGC",0.00046991581718828
"CNCGG",0.000303317762427261
"CNCGT",0.000420498464453823
"CNCGN",0.0004160629665107
"CNCTA",0.000582314695386709
"CNCTC",0.000399416015430351
"CNCTG",0.000726042922584213
"CNCTT",0.000266449067383255
"CNCTN",0.000493555675196132
"CNCNA",0.000457058028595729
"CNCNC",0.000434909639655263
"CNCNG",0.000496929049213471
"CNCNT",0.000364961764984737
"CNCNN",0.0004384646206123
"CNGAA",0.000465806717969523
"CNGAC",0.00014757274023462
"CNGAG",0.00045355307168044
"CNGAT",0.00126393341069546
"CNGAN",0.00058271648514501
"CNGCA",0.00178685521596976
"CNGCC",0.000314621271997593
"CNGCG",0.000826236116602934
"CNGCT",0.00223202316985234
"CNGCN",0.00128993394360566
"CNGGA",0.000582283131275381
"CNGGC",0.000132631511914283
"CNGGG",0.000112184028100772
"CNGGT",0.000559538711646437
"CNGGN",0.000346659345734218
"CNGTA",0.00346848332420009
"CNGTC",0.000356868606860944
"CNGTG",0.000984476874488939
"CNGTT",0.00155533507324477
"CNGTN",0.00159129096969869
"CNGNA",0.00157585709735369
"CNGNC",0.00023792353275186
"CNGNG",0.000594112522718271
"CNGNT",0.00140270759135975
"CNGNN",0.000952650186045893
"CNTAA",0.00146133533593993
"CNTAC",0.00170518953288857
"CNTAG",0.00138305000346909
"CNTAT",0.00136457465532453
"CNTAN",0.00147853738190553
"CNTCA",0.000437526184546625
"CNTCC",0.0004708951463875
"CNTCG",0.000426597869849341
"CNTCT",0.00045232628335036
"CNTCN",0.000446836371033457
"CNTGA",0.000625956942579164
"CNTGC",0.000652646443458115
"CNTGG",0.000874191852369615
"CNTGT",0.000601814309913108
"CNTGN",0.000688652387080001
"CNTTA",0.000911779627784717
"CNTTC",0.000742941289771741
"CNTTG",0.00139216049377673
"CNTTT",0.00100108925637373
"CNTTN",0.00101199266692673
"CNTNA",0.000859149522712608
"CNTNC",0.000892918103126482
"CNTNG",0.00101900005486619
"CNTNT",0.000854951126240433
"CNTNN",0.000906504701736429
"CNNAA",NA
"CNNAC",NA
"CNNAG",NA
"CNNAT",NA
"CNNAN",NA
"CNNCA",NA
"CNNCC",NA
"CNNCG",NA
"CNNCT",NA
"CNNCN",NA
"CNNGA",NA
"CNNGC",NA
"CNNGG",NA
"CNNGT",NA
"CNNGN",NA
"CNNTA",NA
"CNNTC",NA
"CNNTG",NA
"CNNTT",NA
"CNNTN",NA
"CNNNA",NA
"CNNNC",NA
"CNNNG",NA
"CNNNT",NA
"CNNNN",NA
"GAAAA",0.0015699566131862
"GAAAC",0.00150394040810797
"GAAAG",0.000975645608790682
"GAAAT",0.00150995619736579
"GAAAN",0.00138987470686266
"GAACA",0.000979832658204752
"GAACC",0.00129812144707247
"GAACG",0.00131549979287328
"GAACT",0.00147498671660401
"GAACN",0.00126711015368863
"GAAGA",0.00157665818965105
"GAAGC",0.00133631846504128
"GAAGG",0.000324667251563039
"GAAGT",0.00108292554804867
"GAAGN",0.00108014236357601
"GAATA",0.00250167747412525
"GAATC",0.00190208703037425
"GAATG",0.00208628483428081
"GAATT",0.00136842063174055
"GAATN",0.00196461749263021
"GAANA",0.00165703123379181
"GAANC",0.00151011683764899
"GAANG",0.00117552437187695
"GAANT",0.00135907227343976
"GAANN",0.00142543617918938
"GACAA",0.000158523061523701
"GACAC",0.000577990037012678
"GACAG",0.000144756548340084
"GACAT",0.000423936685352266
"GACAN",0.000326301583057182
"GACCA",0.000665859990430793
"GACCC",0.000396005662988939
"GACCG",0.000406755288867863
"GACCT",0.000316384867383338
"GACCN",0.000446251452417733
"GACGA",0.000103377784277515
"GACGC",0.000391339671387368
"GACGG",0.000158012135351825
"GACGT",0.000321842897754441
"GACGN",0.000243643122192787
"GACTA",0.000828158925880281
"GACTC",0.000433457630176501
"GACTG",0.000126802816601773
"GACTT",0.000314932174316929
"GACTN",0.000425837886743871
"GACNA",0.000438979940528073
"GACNC",0.000449698250391372
"GACNG",0.000209081697290386
"GACNT",0.000344274156201743
"GACNN",0.000360508511102893
"GAGAA",0.000955209941603148
"GAGAC",0.000174635471582321
"GAGAG",0.000368894518457644
"GAGAT",0.00138342105996323
"GAGAN",0.000720540247901587
"GAGCA",0.000687853461133954
"GAGCC",0.00073484789453247
"GAGCG",0.000806031931934932
"GAGCT",0.00399084449317069
"GAGCN",0.00155489444519301
"GAGGA",0.00155268452470961
"GAGGC",0.000131231912011937
"GAGGG",8.70833493165508e-05
"GAGGT",0.000969380677247703
"GAGGN",0.00068509511582145
"GAGTA",0.00354182667227151
"GAGTC",0.000445221574512458
"GAGTG",0.00143786189677973
"GAGTT",0.00120574865986528
"GAGTN",0.00165766470085724
"GAGNA",0.00168439364992955
"GAGNC",0.000371484213159796
"GAGNG",0.000674967924122214
"GAGNT",0.00188734872256173
"GAGNN",0.00115454862744332
"GATAA",0.000865223687110811
"GATAC",0.00278367150762181
"GATAG",0.00126075376474819
"GATAT",0.00146403644111571
"GATAN",0.00159342135014913
"GATCA",0.000401977468848324
"GATCC",0.000613705920606488
"GATCG",0.00048013855410236
"GATCT",0.00034639381679745
"GATCN",0.000460553940088655
"GATGA",0.000862111065528775
"GATGC",0.00120932368427935
"GATGG",0.000958574767189091
"GATGT",0.00308284826494652
"GATGN",0.00152821444548594
"GATTA",0.00122639703047079
"GATTC",0.00114184067412299
"GATTG",0.00065275105244249
"GATTT",0.00131176457177952
"GATTN",0.00108318833220395
"GATNA",0.000838927312989674
"GATNC",0.00143713544665766
"GATNG",0.000838054534620532
"GATNT",0.0015512607736598
"GATNN",0.00116634451698192
"GANAA",NA
"GANAC",NA
"GANAG",NA
"GANAT",NA
"GANAN",NA
"GANCA",NA
"GANCC",NA
"GANCG",NA
"GANCT",NA
"GANCN",NA
"GANGA",NA
"GANGC",NA
"GANGG",NA
"GANGT",NA
"GANGN",NA
"GANTA",NA
"GANTC",NA
"GANTG",NA
"GANTT",NA
"GANTN",NA
"GANNA",NA
"GANNC",NA
"GANNG",NA
"GANNT",NA
"GANNN",NA
"GCAAA",0.000481251024121893
"GCAAC",0.00113484993916204
"GCAAG",0.000710488813380086
"GCAAT",0.000610627686329139
"GCAAN",0.000734304365748289
"GCACA",0.000605448210840849
"GCACC",0.000756380273243443
"GCACG",0.00122418778759969
"GCACT",0.00154477412285413
"GCACN",0.00103269759863453
"GCAGA",0.000564865373047813
"GCAGC",0.000256110973340269
"GCAGG",0.00046379243203202
"GCAGT",0.00134537422763895
"GCAGN",0.000657535751514764
"GCATA",0.00101935496972825
"GCATC",0.000827831056056062
"GCATG",0.00106511755820489
"GCATT",0.00106511755820489
"GCATN",0.000994355285548526
"GCANA",0.000667729894434702
"GCANC",0.000743793060450454
"GCANG",0.000865896647804172
"GCANT",0.00114147339875678
"GCANN",0.000854723250361526
"GCCAA",8.80068552735836e-05
"GCCAC",0.000142914617480706
"GCCAG",0.000280099250684059
"GCCAT",9.15078629884332e-05
"GCCAN",0.000150632146606695
"GCCCA",0.000136214529199445
"GCCCC",9.60072393556281e-05
"GCCCG",0.000125009057910364
"GCCCT",9.50143271485952e-05
"GCCCN",0.000113061288403508
"GCCGA",6.79966047852691e-05
"GCCGC",5.68932435547819e-05
"GCCGG",3.54383000000588e-05
"GCCGT",0.000103576620703297
"GCCGN",6.59761922608517e-05
"GCCTA",0.000270386407617636
"GCCTC",0.000123502645215049
"GCCTG",0.000201589622168303
"GCCTT",0.000180296663769831
"GCCTN",0.000193943834692705
"GCCNA",0.000140651099218983
"GCCNC",0.000104829436401541
"GCCNG",0.000160534057690696
"GCCNT",0.000117598868652539
"GCCNN",0.00013090336549094
"GCGAA",0.000450849268067155
"GCGAC",0.000154497450488538
"GCGAG",0.000258725174316836
"GCGAT",0.000798873920802107
"GCGAN",0.000415736453418659
"GCGCA",0.00133403587295143
"GCGCC",0.000366987233984984
"GCGCG",0.00118991144062698
"GCGCT",0.000400914095117853
"GCGCN",0.000822962160670311
"GCGGA",0.000305388536426288
"GCGGC",0.000278039261523899
"GCGGG",0.000119429267871292
"GCGGT",0.000581535371973622
"GCGGN",0.000321098109448775
"GCGTA",0.00195652422607747
"GCGTC",0.000433396653028063
"GCGTG",0.000789550433302092
"GCGTT",0.00154434942529553
"GCGTN",0.00118095518442579
"GCGNA",0.00101169947588059
"GCGNC",0.000308230149756371
"GCGNG",0.000589404079029299
"GCGNT",0.000831418203297279
"GCGNN",0.000685187976990884
"GCTAA",0.000804086646876335
"GCTAC",0.00104845168359549
"GCTAG",0.000645663662891697
"GCTAT",0.000946510343458603
"GCTAN",0.000861178084205531
"GCTCA",0.000287384597656727
"GCTCC",0.000365581715137326
"GCTCG",0.000643661383594819
"GCTCT",0.000259998159570744
"GCTCN",0.000389156463989904
"GCTGA",0.00018743034326203
"GCTGC",0.000521856323438366
"GCTGG",0.000300658241699718
"GCTGT",0.000359839397949816
"GCTGN",0.000342446076587483
"GCTTA",0.000561205531836869
"GCTTC",0.00129061395840058
"GCTTG",0.000546722018067314
"GCTTT",0.000745529899219988
"GCTTN",0.000786017851881188
"GCTNA",0.00046002677990799
"GCTNC",0.000806625920142941
"GCTNG",0.000534176326563387
"GCTNT",0.000577969450049788
"GCTNN",0.000594699619166026
"GCNAA",NA
"GCNAC",NA
"GCNAG",NA
"GCNAT",NA
"GCNAN",NA
"GCNCA",NA
"GCNCC",NA
"GCNCG",NA
"GCNCT",NA
"GCNCN",NA
"GCNGA",NA
"GCNGC",NA
"GCNGG",NA
"GCNGT",NA
"GCNGN",NA
"GCNTA",NA
"GCNTC",NA
"GCNTG",NA
"GCNTT",NA
"GCNTN",NA
"GCNNA",NA
"GCNNC",NA
"GCNNG",NA
"GCNNT",NA
"GCNNN",NA
"GGAAA",0.000862081866212369
"GGAAC",0.000368197562988892
"GGAAG",0.000879212692774897
"GGAAT",0.00102643048613452
"GGAAN",0.000783980652027669
"GGACA",0.000441781003028077
"GGACC",0.000602419244727563
"GGACG",0.00100831421416183
"GGACT",0.000563928456250936
"GGACN",0.000654110729542101
"GGAGA",0.000601796545606468
"GGAGC",0.000529907306934473
"GGAGG",0.000302432759863783
"GGAGT",0.00087052173086082
"GGAGN",0.000576164585816386
"GGATA",0.000502305953418803
"GGATC",0.000582154691602529
"GGATG",0.00160172490361594
"GGATT",0.000495917050293792
"GGATN",0.000795525649732766
"GGANA",0.000601991342066429
"GGANC",0.000520669701563364
"GGANG",0.000947921142604113
"GGANT",0.000739199430885016
"GGANN",0.000702445404279731
"GGCAA",0.000129613874218965
"GGCAC",0.00198829768877283
"GGCAG",0.00024918269150432
"GGCAT",0.00017164767226591
"GGCAN",0.000634685481690507
"GGCCA",0.00015963615585964
"GGCCC",0.000142540680859612
"GGCCG",0.000236864856250393
"GGCCT",0.000150420136035406
"GGCCN",0.000172365457251263
"GGCGA",0.000407554858887395
"GGCGC",0.000177513024316701
"GGCGG",0.000227105054590221
"GGCGT",0.00017681712666045
"GGCGN",0.000247247516113692
"GGCTA",0.000507900167578968
"GGCTC",0.000265421383887159
"GGCTG",0.00018144663544952
"GGCTT",0.000282171984570781
"GGCTN",0.000309235042871607
"GGCNA",0.000301176264136242
"GGCNC",0.000643443194459076
"GGCNG",0.000223649809448613
"GGCNT",0.000195264229883137
"GGCNN",0.000340883374481767
"GGGAA",0.000595072254590832
"GGGAC",0.000218727978613644
"GGGAG",0.0009147592973648
"GGGAT",0.00242042576758214
"GGGAN",0.00103724632453785
"GGGCA",0.00906071196437051
"GGGCC",0.000183056903711241
"GGGCG",0.00100526489023604
"GGGCT",0.0016750595057645
"GGGCN",0.00298102331602057
"GGGGA",0.00149676941972905
"GGGGC",6.19656081055716e-05
"GGGGG",0.000159701295019796
"GGGGT",0.000464002557617958
"GGGGN",0.000545609720118093
"GGGTA",0.00502478739551615
"GGGTC",0.000165947639844026
"GGGTG",0.000789550433302092
"GGGTT",0.00267205888769975
"GGGTN",0.0021630860890905
"GGGNA",0.00404433525855164
"GGGNC",0.000157424532568621
"GGGNG",0.000717318978980683
"GGGNT",0.00180788667966609
"GGGNN",0.00168174136244176
"GGTAA",0.00190773847607739
"GGTAC",0.00280077631973121
"GGTAG",0.00188599492109688
"GGTAT",0.00196960119131186
"GGTAN",0.00214102772705434
"GGTCA",0.000426225814063208
"GGTCC",0.0003915434960944
"GGTCG",0.000420238019434291
"GGTCT",0.000831624253517006
"GGTCN",0.000517407895777226
"GGTGA",0.000877203466993644
"GGTGC",0.000596018724805677
"GGTGG",0.000765165261915333
"GGTGT",0.000493222066504725
"GGTGN",0.000682902380054845
"GGTTA",0.000760144939747356
"GGTTC",0.00103868511914235
"GGTTG",0.000259703293164494
"GGTTT",0.00170330636328408
"GGTTN",0.000940459928834569
"GGTNA",0.000992828174220398
"GGTNC",0.00120675591494341
"GGTNG",0.00083277537390275
"GGTNT",0.00124943846865442
"GGTNN",0.00107044948293024
"GGNAA",NA
"GGNAC",NA
"GGNAG",NA
"GGNAT",NA
"GGNAN",NA
"GGNCA",NA
"GGNCC",NA
"GGNCG",NA
"GGNCT",NA
"GGNCN",NA
"GGNGA",NA
"GGNGC",NA
"GGNGG",NA
"GGNGT",NA
"GGNGN",NA
"GGNTA",NA
"GGNTC",NA
"GGNTG",NA
"GGNTT",NA
"GGNTN",NA
"GGNNA",NA
"GGNNC",NA
"GGNNG",NA
"GGNNT",NA
"GGNNN",NA
"GTAAA",0.0015862256065456
"GTAAC",0.00157378224238543
"GTAAG",0.00172498421767864
"GTAAT",0.00168702209902624
"GTAAN",0.00164300354140898
"GTACA",0.00165453262451447
"GTACC",0.00144222654511958
"GTACG",0.00198680929902674
"GTACT",0.00144222654511958
"GTACN",0.00163144875344509
"GTAGA",0.0024056505774454
"GTAGC",0.000925352201759349
"GTAGG",0.00159742664658468
"GTAGT",0.00110060380664245
"GTAGN",0.00150725830810797
"GTATA",0.00222046155752322
"GTATC",0.003407092412408
"GTATG",0.00212680632002306
"GTATT",0.0025542071751019
"GTATN",0.00257714186626404
"GTANA",0.00196671759150717
"GTANC",0.00183711335041809
"GTANG",0.00185900662082828
"GTANT",0.00169601490647254
"GTANN",0.00183971311730652
"GTCAA",0.000139862732324451
"GTCAC",0.000153231504492442
"GTCAG",0.000128518096777557
"GTCAT",0.000395205434961594
"GTCAN",0.000204204442139011
"GTCCA",0.000190869361035473
"GTCCC",0.000360069726367785
"GTCCG",9.64557744142226e-05
"GTCCT",0.000145490413867429
"GTCCN",0.000198221318921228
"GTCGA",0.000102694241797045
"GTCGC",0.000328786580078671
"GTCGG",0.000368638903809206
"GTCGT",0.000220316751465209
"GTCGN",0.000255109119287533
"GTCTA",0.0015372520945338
"GTCTC",0.000232941595508199
"GTCTG",0.000211019542578475
"GTCTT",0.000180824624804988
"GTCTN",0.000540509464356366
"GTCNA",0.000492669607422693
"GTCNC",0.000268757351611774
"GTCNG",0.000201158079394865
"GTCNT",0.000235459306274805
"GTCNN",0.000299511086176034
"GTGAA",0.000266558007910599
"GTGAC",0.000317544494141152
"GTGAG",0.000507984534766468
"GTGAT",0.00130590798506076
"GTGAN",0.000599498755469745
"GTGCA",0.000411899117871778
"GTGCC",0.000366987233984984
"GTGCG",0.000283532018945783
"GTGCT",0.000628439880372137
"GTGCN",0.000422714562793671
"GTGGA",0.000584595299610345
"GTGGC",0.000182102240137021
"GTGGG",0.000271998264453577
"GTGGT",0.00062370152539166
"GTGGN",0.000415599332398151
"GTGTA",0.004406814290437
"GTGTC",0.000329275836035703
"GTGTG",0.000840338203614676
"GTGTT",0.00171890865449504
"GTGTN",0.00182383424614561
"GTGNA",0.00141746667895743
"GTGNC",0.000298977451074715
"GTGNG",0.000475963255445126
"GTGNT",0.0010692395113299
"GTGNN",0.000815411724201793
"GTTAA",0.00171428787402628
"GTTAC",0.00146832308681884
"GTTAG",0.00168869182158483
"GTTAT",0.00117784961455274
"GTTAN",0.00151228809924567
"GTTCA",0.000312885171289582
"GTTCC",0.000442444366016359
"GTTCG",0.000442444366016359
"GTTCT",0.000442444366016359
"GTTCN",0.000410054567334665
"GTTGA",0.00138751173047105
"GTTGC",0.000415282883887408
"GTTGG",0.000328735696777889
"GTTGT",0.000490906589551596
"GTTGN",0.000655609225171987
"GTTTA",0.000876769914747549
"GTTTC",0.000739990892091072
"GTTTG",0.000601952814454124
"GTTTT",0.000674994503712058
"GTTTN",0.000723427031251201
"GTTNA",0.00107286367263362
"GTTNC",0.000766510307203421
"GTTNG",0.000765456174708302
"GTTNT",0.000696548768458188
"GTTNN",0.000825344730750882
"GTNAA",NA
"GTNAC",NA
"GTNAG",NA
"GTNAT",NA
"GTNAN",NA
"GTNCA",NA
"GTNCC",NA
"GTNCG",NA
"GTNCT",NA
"GTNCN",NA
"GTNGA",NA
"GTNGC",NA
"GTNGG",NA
"GTNGT",NA
"GTNGN",NA
"GTNTA",NA
"GTNTC",NA
"GTNTG",NA
"GTNTT",NA
"GTNTN",NA
"GTNNA",NA
"GTNNC",NA
"GTNNG",NA
"GTNNT",NA
"GTNNN",NA
"GNAAA",0.00112487877751652
"GNAAC",0.00114519253816108
"GNAAG",0.00107258283315608
"GNAAT",0.00120850911721392
"GNAAN",0.0011377908165119
"GNACA",0.000920398624147036
"GNACC",0.00102478687754076
"GNACG",0.00138370277341538
"GNACT",0.00125647896020716
"GNACN",0.00114634180882759
"GNAGA",0.00128724267143768
"GNAGC",0.000761922236768843
"GNAGG",0.000672079772510881
"GNAGT",0.00109985632829772
"GNAGN",0.000955275252253783
"GNATA",0.00156094998869888
"GNATC",0.00167979129761021
"GNATG",0.00171998340403118
"GNATT",0.00137091560383528
"GNATN",0.00158291007354389
"GNANA",0.00122336751545003
"GNANC",0.00115292323752022
"GNANG",0.00121208719577838
"GNANT",0.00123394000238852
"GNANN",0.00120557948778429
"GNCAA",0.000129001630835175
"GNCAC",0.000715608461939665
"GNCAG",0.000200639146826505
"GNCAT",0.000270574413892051
"GNCAN",0.000328955913373349
"GNCCA",0.000288145009131338
"GNCCC",0.000248655827392991
"GNCCG",0.000216271244360711
"GNCCT",0.000176827436108692
"GNCCN",0.000232474879248433
"GNCGA",0.000170405872436806
"GNCGC",0.000238633129834381
"GNCGG",0.000197298598437828
"GNCGT",0.000205638349145849
"GNCGN",0.000202993987463716
"GNCTA",0.000785924398902672
"GNCTC",0.000263830813696727
"GNCTG",0.000180214654199518
"GNCTT",0.000239556361865632
"GNCTN",0.000367381557166137
"GNCNA",0.000343369227826498
"GNCNC",0.000366682058215941
"GNCNG",0.00019860591095614
"GNCNT",0.000223149140253056
"GNCNN",0.000282951584312909
"GNGAA",0.000566922368042933
"GNGAC",0.000216351348706414
"GNGAG",0.000512590881226437
"GNGAT",0.00147715718335206
"GNGAN",0.000693255445331961
"GNGCA",0.00287362510408192
"GNGCC",0.00041296981655342
"GNGCG",0.000821185070435934
"GNGCT",0.00167381449360629
"GNGCN",0.00144539862116939
"GNGGA",0.000984859445118822
"GNGGC",0.000163334755444607
"GNGGG",0.000159553044165304
"GNGGT",0.000659655033057736
"GNGGN",0.000491850569446617
"GNGTA",0.00373248814607553
"GNGTC",0.000343460425855062
"GNGTG",0.000964325241749648
"GNGTT",0.0017852664068389
"GNGTN",0.00170638505512979
"GNGNA",0.0020394737658298
"GNGNC",0.000284029086639876
"GNGNG",0.000614413559394331
"GNGNT",0.00139897327921375
"GNGNN",0.00108422242276944
"GNTAA",0.0013228341710227
"GNTAC",0.00202530564944184
"GNTAG",0.0013702760425804
"GNTAT",0.00138949939760973
"GNTAN",0.00152697881516367
"GNTCA",0.00035711826296446
"GNTCC",0.000453318874463643
"GNTCG",0.000496620580786957
"GNTCT",0.00047011514897539
"GNTCN",0.000444293216797613
"GNTGA",0.000828564151563876
"GNTGC",0.000685620404102701
"GNTGG",0.000588283491895508
"GNTGT",0.00110670407973817
"GNTGN",0.000802293031825062
"GNTTA",0.00085612935420064
"GNTTC",0.00105278266093925
"GNTTG",0.000515282294532105
"GNTTT",0.00110889883449891
"GNTTN",0.000883273286042726
"GNTNA",0.00084116148493792
"GNTNC",0.00105425689723686
"GNTNG",0.000742615602448743
"GNTNT",0.00101880436520555
"GNTNN",0.000914209587457267
"GNNAA",NA
"GNNAC",NA
"GNNAG",NA
"GNNAT",NA
"GNNAN",NA
"GNNCA",NA
"GNNCC",NA
"GNNCG",NA
"GNNCT",NA
"GNNCN",NA
"GNNGA",NA
"GNNGC",NA
"GNNGG",NA
"GNNGT",NA
"GNNGN",NA
"GNNTA",NA
"GNNTC",NA
"GNNTG",NA
"GNNTT",NA
"GNNTN",NA
"GNNNA",NA
"GNNNC",NA
"GNNNG",NA
"GNNNT",NA
"GNNNN",NA
"TAAAA",0.00163145113672146
"TAAAC",0.00172421972490521
"TAAAG",0.00175031968203416
"TAAAT",0.00146144640107664
"TAAAN",0.00164185923618437
"TAACA",0.000979832658204752
"TAACC",0.00129812144707247
"TAACG",0.00131549979287328
"TAACT",0.00147498671660401
"TAACN",0.00126711015368863
"TAAGA",0.00123780907861534
"TAAGC",0.00118993212138869
"TAAGG",0.0011684709291035
"TAAGT",0.00121990176572468
"TAAGN",0.00120402847370805
"TAATA",0.00190298749375316
"TAATC",0.00221142233584351
"TAATG",0.00201676063906585
"TAATT",0.0019748044269564
"TAATN",0.00202649372390473
"TAANA",0.00143802009182368
"TAANC",0.00160592390730247
"TAANG",0.0015627627607692
"TAANT",0.00153278482759044
"TAANN",0.00153487289687144
"TACAA",0.00127726645664275
"TACAC",0.000685012451173012
"TACAG",0.00129995700244356
"TACAT",0.00120018572197465
"TACAN",0.00111560540805849
"TACCA",0.00170187189756142
"TACCC",0.00167463839765903
"TACCG",0.00152864793867441
"TACCT",0.00115915732402536
"TACCN",0.00151607888948006
"TACGA",0.000671311368848771
"TACGC",0.00166396322353792
"TACGG",0.00177279335517872
"TACGT",0.00180867319160457
"TACGN",0.00147918528479249
"TACTA",0.00250357131689869
"TACTC",0.00232104146689838
"TACTG",0.00276519045576631
"TACTT",0.0019068315037141
"TACTN",0.00237415868581937
"TACNA",0.00153850525998791
"TACNC",0.00158616388481709
"TACNG",0.00184164718801575
"TACNT",0.00151871193532967
"TACNN",0.0016212570670376
"TAGAA",0.000474112226367975
"TAGAC",0.000200134597363613
"TAGAG",0.000453150654883565
"TAGAT",0.00194154820068682
"TAGAN",0.000767236419825492
"TAGCA",0.00240951351133213
"TAGCC",0.00073484789453247
"TAGCG",0.000644398454590914
"TAGCT",0.00183895952812805
"TAGCN",0.00140692984714589
"TAGGA",0.000679281729786284
"TAGGC",0.000163334755469021
"TAGGG",0.000167130357812777
"TAGGT",0.000479974508594547
"TAGGN",0.000372430337915657
"TAGTA",0.00366623492803343
"TAGTC",0.000251407816016042
"TAGTG",0.000840338203614676
"TAGTT",0.0018391400210968
"TAGTN",0.00164928024219024
"TAGNA",0.00180728559887995
"TAGNC",0.000337431265845287
"TAGNG",0.000526254417725483
"TAGNT",0.00152490556462655
"TAGNN",0.00104896921176932
"TATAA",0.000934773332911708
"TATAC",0.00160814706738548
"TATAG",0.00120270229736528
"TATAT",0.00138495227148667
"TATAN",0.00128264374228729
"TATCA",0.000451038099121842
"TATCC",0.000455592458985131
"TATCG",0.000541886972364181
"TATCT",0.000348362478809172
"TATCN",0.000449220002320082
"TATGA",0.000400246772461602
"TATGC",0.000630122275977608
"TATGG",0.00179502831328423
"TATGT",0.000427783780762429
"TATGN",0.000813295285621467
"TATTA",0.000979351808986001
"TATTC",0.000913491125392141
"TATTG",0.000983578388673508
"TATTT",0.00133241706240456
"TATTN",0.00105220959636405
"TATNA",0.000691352503370288
"TATNC",0.000901838231935091
"TATNG",0.0011307989929218
"TATNT",0.000873378898365708
"TATNN",0.000899342156648222
"TANAA",NA
"TANAC",NA
"TANAG",NA
"TANAT",NA
"TANAN",NA
"TANCA",NA
"TANCC",NA
"TANCG",NA
"TANCT",NA
"TANCN",NA
"TANGA",NA
"TANGC",NA
"TANGG",NA
"TANGT",NA
"TANGN",NA
"TANTA",NA
"TANTC",NA
"TANTG",NA
"TANTT",NA
"TANTN",NA
"TANNA",NA
"TANNC",NA
"TANNG",NA
"TANNT",NA
"TANNN",NA
"TCAAA",0.00071462970146603
"TCAAC",0.000703544127149605
"TCAAG",0.000647678990528419
"TCAAT",0.000661149600391723
"TCAAN",0.000681750604883944
"TCACA",0.000465701498731242
"TCACC",0.000840754615431083
"TCACG",0.000599106496680682
"TCACT",0.000995901951075872
"TCACN",0.00072536614047972
"TCAGA",0.000645872201758885
"TCAGC",0.00102458084101733
"TCAGG",0.000657947490723749
"TCAGT",0.00081482199511854
"TCAGN",0.000785805632154625
"TCATA",0.00106174002588067
"TCATC",0.00147761406982667
"TCATG",0.00092668394423982
"TCATT",0.00092668394423982
"TCATN",0.00109818049604675
"TCANA",0.000721985856959206
"TCANC",0.00101162341335617
"TCANG",0.000707854230543167
"TCANT",0.000849639372706489
"TCANN",0.000822775718391258
"TCCAA",0.000525825644922748
"TCCAC",0.000913816067579642
"TCCAG",0.000282913345020001
"TCCAT",0.000321046582324752
"TCCAN",0.000510900409961786
"TCCCA",0.000482105031934394
"TCCCC",0.000314754113477085
"TCCCG",0.000767030354395805
"TCCCT",0.000313412086426302
"TCCCN",0.000469325396558396
"TCCGA",0.000360362048828723
"TCCGC",0.000280051834180152
"TCCGG",0.000169956026758095
"TCCGT",0.000508784851465688
"TCCGN",0.000329788690308165
"TCCTA",0.00250839769248463
"TCCTC",0.000607616875098665
"TCCTG",0.000377388111719377
"TCCTT",0.00087737159287255
"TCCTN",0.00109269356804381
"TCCNA",0.000969172604542625
"TCCNC",0.000529059722583886
"TCCNG",0.000399321959473319
"TCCNT",0.000505153778272323
"TCCNN",0.000600677016218038
"TCGAA",0.000880114615821774
"TCGAC",0.00018433677646515
"TCGAG",0.000169709864746375
"TCGAT",0.00124537563340051
"TCGAN",0.000619884222608451
"TCGCA",0.000176457370312793
"TCGCC",0.000366987233984984
"TCGCG",0.000826236116602934
"TCGCT",0.00225701674599984
"TCGCN",0.000906674366725138
"TCGGA",0.000184619286230775
"TCGGC",0.000111453633789248
"TCGGG",2.44281760742593e-05
"TCGGT",0.000245338391797282
"TCGGN",0.000141459871972891
"TCGTA",0.00366063277578733
"TCGTC",0.000283845620898909
"TCGTG",0.000964325241798476
"TCGTT",0.00165707923916291
"TCGTN",0.0016414707194119
"TCGNA",0.00122545601203817
"TCGNC",0.000236655816284573
"TCGNG",0.000496174849805511
"TCGNT",0.00135120250259013
"TCGNN",0.000827372295179596
"TCTAA",0.000634817197071366
"TCTAC",0.00186807579785466
"TCTAG",0.000830704775099035
"TCTAT",0.00102535670459155
"TCTAN",0.00108973861865415
"TCTCA",0.000423080419434296
"TCTCC",0.000643661383594819
"TCTCG",0.000312789937402863
"TCTCT",0.00031477103574271
"TCTCN",0.000423575694043672
"TCTGA",0.000412742613770216
"TCTGC",0.00086746794218894
"TCTGG",0.000464277342676552
"TCTGT",0.0004441970228523
"TCTGN",0.000547171230372002
"TCTTA",0.00159644445469015
"TCTTC",0.00185806114922183
"TCTTG",0.000907216807618694
"TCTTT",0.000726518733009019
"TCTTN",0.00127206028613492
"TCTNA",0.000766771171241507
"TCTNC",0.00130931656821506
"TCTNG",0.000628747215699286
"TCTNT",0.000627710874048894
"TCTNN",0.000833136457301188
"TCNAA",NA
"TCNAC",NA
"TCNAG",NA
"TCNAT",NA
"TCNAN",NA
"TCNCA",NA
"TCNCC",NA
"TCNCG",NA
"TCNCT",NA
"TCNCN",NA
"TCNGA",NA
"TCNGC",NA
"TCNGG",NA
"TCNGT",NA
"TCNGN",NA
"TCNTA",NA
"TCNTC",NA
"TCNTG",NA
"TCNTT",NA
"TCNTN",NA
"TCNNA",NA
"TCNNC",NA
"TCNNG",NA
"TCNNT",NA
"TCNNN",NA
"TGAAA",0.000575198001465799
"TGAAC",0.000652461324219833
"TGAAG",0.000550650068262633
"TGAAT",0.000551728926954041
"TGAAN",0.000582509580225576
"TGACA",0.000578625219043929
"TGACC",0.00063688023457137
"TGACG",0.000562593438672809
"TGACT",0.000773429991114565
"TGACN",0.000637882220850668
"TGAGA",0.000479720667481265
"TGAGC",0.000724499693262921
"TGAGG",0.000580658944043933
"TGAGT",0.000631780847169018
"TGAGN",0.000604165037989284
"TGATA",0.000733613632520749
"TGATC",0.000724401996973859
"TGATG",0.000502485620899272
"TGATT",0.000705130504200389
"TGATN",0.000666407938648567
"TGANA",0.000591789380127936
"TGANC",0.000684560812256996
"TGANG",0.000549097017969661
"TGANT",0.000665517567359503
"TGANN",0.000622741194428524
"TGCAA",0.00294796575146974
"TGCAC",0.000919670982423402
"TGCAG",0.00017564154169951
"TGCAT",0.000389586756934241
"TGCAN",0.00110821625813172
"TGCCA",0.00064796326396592
"TGCCC",0.0013033281334006
"TGCCG",0.00105472995429863
"TGCCT",0.00100727940097823
"TGCCN",0.00100332518816085
"TGCGA",0.000144541461230709
"TGCGC",0.000206741622168312
"TGCGG",0.00193381836689774
"TGCGT",0.00156170464043228
"TGCGN",0.000961701522682261
"TGCTA",0.000563206302247029
"TGCTC",0.00154625360635022
"TGCTG",0.000817477187403701
"TGCTT",0.00105472995429863
"TGCTN",0.000995416762574895
"TGCNA",0.00107591919472835
"TGCNC",0.000993998586085635
"TGCNG",0.000995416762574895
"TGCNT",0.00100332518816085
"TGCNN",0.00101716493288743
"TGGAA",0.0004745616736336
"TGGAC",0.000165185150781524
"TGGAG",0.000396030218750657
"TGGAT",0.00130228680508029
"TGGAN",0.000584515962061517
"TGGCA",0.0014371208080102
"TGGCC",0.000183056903711241
"TGGCG",0.000736721729786379
"TGGCT",0.00208535606885112
"TGGCN",0.00111056387758973
"TGGGA",0.000630138105274484
"TGGGC",0.000158624020117451
"TGGGG",0.000138315524804917
"TGGGT",0.000628672095215887
"TGGGN",0.000388937436353185
"TGGTA",0.00332659681123599
"TGGTC",0.000389452519531896
"TGGTG",0.000964325241798476
"TGGTT",0.00127227677470914
"TGGTN",0.00148816283681888
"TGGNA",0.00146710434953857
"TGGNC",0.000224079648535528
"TGGNG",0.000558848178785107
"TGGNT",0.00132214793596411
"TGGNN",0.000893045028205828
"TGTAA",0.000894174882032734
"TGTAC",0.00186125523594059
"TGTAG",0.00148738972949466
"TGTAT",0.00156254024795181
"TGTAN",0.00145134002385495
"TGTCA",0.000518904844434455
"TGTCC",0.000544930921192311
"TGTCG",0.000515910947168825
"TGTCT",0.000464938230567178
"TGTCN",0.000511171235840692
"TGTGA",0.000621489316602594
"TGTGC",0.000583090759473624
"TGTGG",0.000568792910743132
"TGTGT",0.000365531927149044
"TGTGN",0.000534726228492099
"TGTTA",0.00111080024658388
"TGTTC",0.000828390963380282
"TGTTG",0.000506312738379747
"TGTTT",0.000662235652344849
"TGTTN",0.000776934900172188
"TGTNA",0.000786342322413415
"TGTNC",0.000954416969996702
"TGTNG",0.00076960158144659
"TGTNT",0.000763811514503221
"TGTNN",0.000818543097089982
"TGNAA",NA
"TGNAC",NA
"TGNAG",NA
"TGNAT",NA
"TGNAN",NA
"TGNCA",NA
"TGNCC",NA
"TGNCG",NA
"TGNCT",NA
"TGNCN",NA
"TGNGA",NA
"TGNGC",NA
"TGNGG",NA
"TGNGT",NA
"TGNGN",NA
"TGNTA",NA
"TGNTC",NA
"TGNTG",NA
"TGNTT",NA
"TGNTN",NA
"TGNNA",NA
"TGNNC",NA
"TGNNG",NA
"TGNNT",NA
"TGNNN",NA
"TTAAA",0.00128742820390839
"TTAAC",0.00157627091523699
"TTAAG",0.00169723249541297
"TTAAT",0.00166686280049105
"TTAAN",0.00155694860376235
"TTACA",0.00198680929902674
"TTACC",0.00169452282285438
"TTACG",0.0015483795847682
"TTACT",0.00169452282285438
"TTACN",0.00173105863237592
"TTAGA",0.000527140541700094
"TTAGC",0.00164864721933867
"TTAGG",0.00152131138017831
"TTAGT",0.000582756612207999
"TTAGN",0.00106996393835627
"TTATA",0.00330941694336487
"TTATC",0.00188159986816719
"TTATG",0.00253159326553155
"TTATT",0.00279255656045385
"TTATN",0.00262879165937936
"TTANA",0.00177769874700002
"TTANC",0.00170026020639931
"TTANG",0.00182462918147276
"TTANT",0.00168417469900182
"TTANN",0.00174669070846848
"TTCAA",0.00445991190908944
"TTCAC",0.000525521819727435
"TTCAG",0.000773782186231753
"TTCAT",0.000506638539844591
"TTCAN",0.0015664636137233
"TTCCA",0.00156841856504167
"TTCCC",0.0017041625949247
"TTCCG",0.00120298057558793
"TTCCT",0.00159295594306905
"TTCCN",0.00151712941965584
"TTCGA",0.000540584746387616
"TTCGC",0.00179193789482719
"TTCGG",0.00171973763838176
"TTCGT",0.00168407857890905
"TTCGN",0.0014340847146264
"TTCTA",0.00223989559316778
"TTCTC",0.00101803940361497
"TTCTG",0.00152021511601815
"TTCTT",0.00151186663369392
"TTCTN",0.0015725041866237
"TTCNA",0.00220220270342162
"TTCNC",0.00125991542827358
"TTCNG",0.0013041788790549
"TTCNT",0.00132388492387915
"TTCNN",0.00152254548365731
"TTGAA",0.000231410667969134
"TTGAC",0.000175403888476854
"TTGAG",0.000637327804688558
"TTGAT",0.000187917204394843
"TTGAN",0.000308014891382347
"TTGCA",0.0028979060210009
"TTGCC",0.000366987233984984
"TTGCG",0.00109758816543151
"TTGCT",0.0023831224920938
"TTGCN",0.0016864009781278
"TTGGA",0.00020394546142612
"TTGGC",0.000134596693652567
"TTGGG",0.000100937584668136
"TTGGT",0.000359726585156847
"TTGGN",0.000199801581225918
"TTGTA",0.00368243128867799
"TTGTC",0.000335580098145088
"TTGTG",0.00100565425449386
"TTGTT",0.00179224036094048
"TTGTN",0.00170397650056435
"TTGNA",0.00175392335976854
"TTGNC",0.000253141978564873
"TTGNG",0.000710376952320515
"TTGNT",0.00118075166064649
"TTGNN",0.000974548487825104
"TTTAA",0.00162337203926051
"TTTAC",0.00183266433096007
"TTTAG",0.00144991921396725
"TTTAT",0.00167347175322543
"TTTAN",0.00164485683435332
"TTTCA",0.000467448539160932
"TTTCC",0.000365162682031856
"TTTCG",0.000365162682031856
"TTTCT",0.000365162682031856
"TTTCN",0.000390734146314125
"TTTGA",0.000557362509961863
"TTTGC",0.000511563433008662
"TTTGG",0.00059235273603614
"TTTGT",0.000307851221777855
"TTTGN",0.00049228247519613
"TTTTA",0.000597930164063493
"TTTTC",0.000783739891407551
"TTTTG",0.000659719839747189
"TTTTT",0.000727669974219958
"TTTTN",0.000692264967359548
"TTTNA",0.000811528313111699
"TTTNC",0.000873282584352036
"TTTNG",0.000766788617945609
"TTTNT",0.000768538907813776
"TTTNN",0.00080503460580578
"TTNAA",NA
"TTNAC",NA
"TTNAG",NA
"TTNAT",NA
"TTNAN",NA
"TTNCA",NA
"TTNCC",NA
"TTNCG",NA
"TTNCT",NA
"TTNCN",NA
"TTNGA",NA
"TTNGC",NA
"TTNGG",NA
"TTNGT",NA
"TTNGN",NA
"TTNTA",NA
"TTNTC",NA
"TTNTG",NA
"TTNTT",NA
"TTNTN",NA
"TTNNA",NA
"TTNNC",NA
"TTNNG",NA
"TTNNT",NA
"TTNNN",NA
"TNAAA",0.00105217676089042
"TNAAC",0.00116412402287791
"TNAAG",0.00116147030905955
"TNAAT",0.00108529693222836
"TNAAN",0.00111576700626406
"TNACA",0.00100274216875166
"TNACC",0.00111756977998232
"TNACG",0.00100639482824874
"TNACT",0.00123471037041221
"TNACN",0.00109035428684873
"TNAGA",0.000722635622388895
"TNAGC",0.0011469149687519
"TNAGG",0.000982097186012373
"TNAGT",0.000812315305055059
"TNAGN",0.000915990770552058
"TNATA",0.00175193952387986
"TNATC",0.00157375956770281
"TNATG",0.00149438086743412
"TNATT",0.00159979385896262
"TNATN",0.00160496845449485
"TNANA",0.00113237351897771
"TNANC",0.00125059208482874
"TNANG",0.0011610857976887
"TNANT",0.00118302911666456
"TNANN",0.00118177012953993
"TNCAA",0.00230274244053117
"TNCAC",0.000761005330225873
"TNCAG",0.000633073518848707
"TNCAT",0.000604364400269558
"TNCAN",0.00107529642246883
"TNCCA",0.00110008968962585
"TNCCC",0.00124922080986536
"TNCCG",0.00113834720573919
"TNCCT",0.00101820118862474
"TNCCN",0.00112646472346378
"TNCGA",0.000429199906323955
"TNCGC",0.000985673643678394
"TNCGG",0.00139907634680408
"TNCGT",0.00139081031560289
"TNCGN",0.00105119005310233
"TNCTA",0.00195376772619953
"TNCTC",0.00137323783799056
"TNCTG",0.00137006771772688
"TNCTT",0.0013376999211448
"TNCTN",0.00150869330076544
"TNCNA",0.00144644994067013
"TNCNC",0.00109228440544005
"TNCNG",0.00113514119727972
"TNCNT",0.0010877689564105
"TNCNN",0.0011904111249501
"TNGAA",0.000515049795948121
"TNGAC",0.000181265103271785
"TNGAG",0.000414054635767289
"TNGAT",0.00116928196089061
"TNGAN",0.000569912873969452
"TNGCA",0.00173024942766401
"TNGCC",0.00041296981655342
"TNGCG",0.000826236116602934
"TNGCT",0.0021411137087682
"TNGCN",0.00127764226739714
"TNGGA",0.000424496145679416
"TNGGC",0.000142002275757072
"TNGGG",0.000107702910840023
"TNGGT",0.000428427895191141
"TNGGN",0.000275657306866913
"TNGTA",0.00358397395093368
"TNGTC",0.000315071513647984
"TNGTG",0.000943660735426371
"TNGTT",0.00164018409897733
"TNGTN",0.00162072257474634
"TNGNA",0.00156344233005631
"TNGNC",0.000262827177307565
"TNGNG",0.000572913599659154
"TNGNT",0.00134475191595682
"TNGNN",0.000935983755744962
"TNTAA",0.00102178436281908
"TNTAC",0.0017925356080352
"TNTAG",0.00124267900398156
"TNTAT",0.00141158024431387
"TNTAN",0.00136714480478743
"TNTCA",0.000465117975537882
"TNTCC",0.000502336861451029
"TNTCG",0.000433937634741931
"TNTCT",0.000373308606787729
"TNTCN",0.000443675269629643
"TNTGA",0.000497960303199069
"TNTGC",0.000648061102662209
"TNTGG",0.000855112825685013
"TNTGT",0.000386340988135407
"TNTGN",0.000596868804920424
"TNTTA",0.00107113166858088
"TNTTC",0.00109592078235045
"TNTTG",0.000764206943604784
"TNTTT",0.000862210355494595
"TNTTN",0.000948367437507678
"TNTNA",0.000763998577534227
"TNTNC",0.00100971358862472
"TNTNG",0.000823984102003321
"TNTNT",0.0007583600486829
"TNTNN",0.000839014079211293
"TNNAA",NA
"TNNAC",NA
"TNNAG",NA
"TNNAT",NA
"TNNAN",NA
"TNNCA",NA
"TNNCC",NA
"TNNCG",NA
"TNNCT",NA
"TNNCN",NA
"TNNGA",NA
"TNNGC",NA
"TNNGG",NA
"TNNGT",NA
"TNNGN",NA
"TNNTA",NA
"TNNTC",NA
"TNNTG",NA
"TNNTT",NA
"TNNTN",NA
"TNNNA",NA
"TNNNC",NA
"TNNNG",NA
"TNNNT",NA
"TNNNN",NA
"NAAAA",0.00165915796950959
"NAAAC",0.00152773580290781
"NAAAG",0.00148516459975832
"NAAAT",0.00191847452124342
"NAAAN",0.00164763322335479
"NAACA",0.00130263729819552
"NAACC",0.00110344990813171
"NAACG",0.00147047086552978
"NAACT",0.00119188254289749
"NAACN",0.00126711015368863
"NAAGA",0.00116327357021677
"NAAGC",0.00125971635266322
"NAAGG",0.00124994625710657
"NAAGT",0.00115873380678903
"NAAGN",0.0012079174966939
"NAATA",0.00212706793203478
"NAATC",0.00187076436653143
"NAATG",0.00200606455386075
"NAATT",0.00207769379050638
"NAATN",0.00202039766073333
"NAANA",0.00156303419248917
"NAANC",0.00144041660755854
"NAANG",0.00155291156906386
"NAANT",0.00158669616535908
"NAANN",0.00153576463361766
"NACAA",0.000992462529860046
"NACAC",0.000748530267042258
"NACAG",0.000828945412110751
"NACAT",0.000760279105103801
"NACAN",0.000832554328529214
"NACCA",0.00130148567048556
"NACCC",0.001087061105202
"NACCG",0.000963858150978163
"NACCT",0.0009278184935074
"NACCN",0.00107005585504328
"NACGA",0.000753664607374298
"NACGC",0.000822191253419334
"NACGG",0.000981186439601238
"NACGT",0.00107909196264828
"NACGN",0.000909033565760786
"NACTA",0.00140785300874257
"NACTC",0.00134760602280497
"NACTG",0.00154436088742932
"NACTT",0.00104690465185721
"NACTN",0.00133668114270852
"NACNA",0.00111386645411562
"NACNC",0.00100134716211714
"NACNG",0.00107958772252987
"NACNT",0.000953523553279171
"NACNN",0.00103708122301045
"NAGAA",0.000511589816358271
"NAGAC",0.000161079124145775
"NAGAG",0.000384925728027983
"NAGAT",0.00112718553759953
"NAGAN",0.000546195051532889
"NAGCA",0.00179814746570123
"NAGCC",0.000458952399121856
"NAGCG",0.000821185070435934
"NAGCT",0.00248861480303148
"NAGCN",0.00139172493457262
"NAGGA",0.000799052563429061
"NAGGC",0.000124078338574425
"NAGGG",0.000109242798706236
"NAGGT",0.000754085117066682
"NAGGN",0.000446614704444101
"NAGTA",0.00365622355654904
"NAGTC",0.000413985157593461
"NAGTG",0.000964325241774062
"NAGTT",0.0015205336527369
"NAGTN",0.00163876690216337
"NAGNA",0.0016912533505094
"NAGNC",0.000289523754858879
"NAGNG",0.000569919709736054
"NAGNT",0.00147260477760865
"NAGNN",0.00100582539817824
"NATAA",0.0011599612992695
"NATAC",0.00171175002204874
"NATAG",0.00141084794389883
"NATAT",0.00144542820056392
"NATAN",0.00143199686644525
"NATCA",0.000489897604102376
"NATCC",0.000476017184497861
"NATCG",0.00048628826840901
"NATCT",0.000437002384107171
"NATCN",0.000472301360279104
"NATGA",0.000766960490015922
"NATGC",0.00103868051753102
"NATGG",0.00130357953276584
"NATGT",0.00136875319013899
"NATGN",0.00111949343261294
"NATTA",0.000945820194191023
"NATTC",0.00101249764082199
"NATTG",0.0015894674865749
"NATTT",0.00123697589897666
"NATTN",0.00119619030514115
"NATNA",0.000840659896894706
"NATNC",0.0010597363412249
"NATNG",0.00119754580791214
"NATNT",0.00112203991844669
"NATNN",0.00105499549111961
"NANAA",NA
"NANAC",NA
"NANAG",NA
"NANAT",NA
"NANAN",NA
"NANCA",NA
"NANCC",NA
"NANCG",NA
"NANCT",NA
"NANCN",NA
"NANGA",NA
"NANGC",NA
"NANGG",NA
"NANGT",NA
"NANGN",NA
"NANTA",NA
"NANTC",NA
"NANTG",NA
"NANTT",NA
"NANTN",NA
"NANNA",NA
"NANNC",NA
"NANNG",NA
"NANNT",NA
"NANNN",NA
"NCAAA",0.000628038221216863
"NCAAC",0.000749307495679955
"NCAAG",0.000693155087647635
"NCAAT",0.000783449310084308
"NCAAN",0.00071348752865719
"NCACA",0.00060599602749124
"NCACC",0.00097096141176919
"NCACG",0.000881157863307127
"NCACT",0.000945769098194929
"NCACN",0.000850971100190622
"NCAGA",0.00050513826845787
"NCAGC",0.000684289098511878
"NCAGG",0.000504232344532087
"NCAGT",0.000889367275196789
"NCAGN",0.000645756746674656
"NCATA",0.000984189215211595
"NCATC",0.00105408491894706
"NCATG",0.00102677105334643
"NCATT",0.00102677105334643
"NCATN",0.00102295406021288
"NCANA",0.000680840433094392
"NCANC",0.000864660731227021
"NCANG",0.00077632908720832
"NCANT",0.000911339184205614
"NCANN",0.000808292358933837
"NCCAA",0.00030920161921438
"NCCAC",0.000394778782691085
"NCCAG",0.000320778909912642
"NCCAT",0.000215073298144888
"NCCAN",0.000309958152490749
"NCCCA",0.000321571688599167
"NCCCC",0.000253701980078546
"NCCCG",0.000389052038379552
"NCCCT",0.000226345458349985
"NCCCN",0.000297667791351813
"NCCGA",0.000209109207764019
"NCCGC",0.00018104270769073
"NCCGG",0.00012045089128438
"NCCGT",0.000215725069971061
"NCCGN",0.000181581969177548
"NCCTA",0.000963948498805311
"NCCTC",0.000472479451490042
"NCCTG",0.000464378284156044
"NCCTT",0.000492104823682458
"NCCTN",0.000598227764533464
"NCCNA",0.000450957753595719
"NCCNC",0.000325500730487601
"NCCNG",0.000323665030933154
"NCCNT",0.000287312162537098
"NCCNN",0.000346858919388393
"NCGAA",0.000573225156104467
"NCGAC",0.000184771825732729
"NCGAG",0.000333317656323796
"NCGAT",0.00144094105854731
"NCGAN",0.000633063924177076
"NCGCA",0.00180831621365046
"NCGCC",0.000340804252979081
"NCGCG",0.000871695532105939
"NCGCT",0.00207530045388528
"NCGCN",0.00127402911315519
"NCGGA",0.000524580655787004
"NCGGC",0.000159634757886007
"NCGGG",9.41315794679297e-05
"NCGGT",0.000462525843482213
"NCGGN",0.000310218209155788
"NCGTA",0.00384531335344877
"NCGTC",0.000365328450122677
"NCGTG",0.000949760674391225
"NCGTT",0.00166386218354768
"NCGTN",0.00170606616537759
"NCGNA",0.00168785884474768
"NCGNC",0.000262634821680123
"NCGNG",0.000562226360572222
"NCGNT",0.00141065738486562
"NCGNN",0.000980844352966411
"NCTAA",0.000876566503492666
"NCTAC",0.00128269511462615
"NCTAG",0.000994754312257511
"NCTAT",0.00101749592043626
"NCTAN",0.00104287796270315
"NCTCA",0.000386951533862947
"NCTCC",0.000437114366992913
"NCTCG",0.000402519499976254
"NCTCT",0.000375617791040663
"NCTCN",0.000400550797968194
"NCTGA",0.000292309771606931
"NCTGC",0.000617760766602588
"NCTGG",0.000529921035254786
"NCTGT",0.000424274106421603
"NCTGN",0.000466066419971477
"NCTTA",0.00105256479121268
"NCTTC",0.00117742763847852
"NCTTG",0.000816659836329481
"NCTTT",0.000927600588624587
"NCTTN",0.000993563213661317
"NCTNA",0.000652098150043807
"NCTNC",0.000878749471675043
"NCTNG",0.000685963670954508
"NCTNT",0.000686247101630778
"NCTNN",0.000725764598576034
"NCNAA",NA
"NCNAC",NA
"NCNAG",NA
"NCNAT",NA
"NCNAN",NA
"NCNCA",NA
"NCNCC",NA
"NCNCG",NA
"NCNCT",NA
"NCNCN",NA
"NCNGA",NA
"NCNGC",NA
"NCNGG",NA
"NCNGT",NA
"NCNGN",NA
"NCNTA",NA
"NCNTC",NA
"NCNTG",NA
"NCNTT",NA
"NCNTN",NA
"NCNNA",NA
"NCNNC",NA
"NCNNG",NA
"NCNNT",NA
"NCNNN",NA
"NGAAA",0.00059227087443946
"NGAAC",0.000498911026172703
"NGAAG",0.000621932960474665
"NGAAT",0.000623550451246152
"NGAAN",0.000584166328083245
"NGACA",0.000666007742359504
"NGACC",0.00063827505883895
"NGACG",0.00067152921613881
"NGACT",0.000556326928565377
"NGACN",0.00063303473647566
"NGAGA",0.000712918512940637
"NGAGC",0.000538031267456948
"NGAGG",0.000577959305640608
"NGAGT",0.000685609546143716
"NGAGN",0.000628629658045477
"NGATA",0.000592333770142585
"NGATC",0.000565543221167931
"NGATG",0.000790632375562836
"NGATT",0.000625311779053772
"NGATN",0.000643455286481781
"NGANA",0.000640882724970546
"NGANC",0.000560190143409133
"NGANG",0.00066551346445423
"NGANT",0.000622699676252254
"NGANN",0.000622321502271541
"NGCAA",0.0020024645013461
"NGCAC",0.00192928706177078
"NGCAG",0.00132718078806373
"NGCAT",0.00140435874419178
"NGCAN",0.0016658227738431
"NGCCA",0.000724463084376203
"NGCCC",0.00170158007597939
"NGCCG",0.00132727390847388
"NGCCT",0.000654374491212024
"NGCCN",0.00110192289001037
"NGCGA",0.00116474785332225
"NGCGC",0.000502690105738139
"NGCGG",0.00133792031606667
"NGCGT",0.00149841641670171
"NGCGN",0.00112594367295719
"NGCTA",0.0013828561897728
"NGCTC",0.000956725810353151
"NGCTG",0.00138219595979233
"NGCTT",0.00132428224487525
"NGCTN",0.00126151505119838
"NGCNA",0.00131863290720434
"NGCNC",0.00127257076346036
"NGCNG",0.00134364274309915
"NGCNT",0.00122035797424519
"NGCNN",0.00128880109700226
"NGGAA",0.000521025835694224
"NGGAC",0.000207081061377297
"NGGAG",0.000450262587769302
"NGGAT",0.00158634802063252
"NGGAN",0.000691179376368335
"NGGCA",0.00295785700569339
"NGGCC",0.000327388030835504
"NGGCG",0.000690560092188646
"NGGCT",0.00223837809724493
"NGGCN",0.00155354580649062
"NGGGA",0.000822787347511132
"NGGGC",0.000144986952295163
"NGGGG",0.000138489301367417
"NGGGT",0.00058657355857031
"NGGGN",0.000423209289936005
"NGGTA",0.00377750782285783
"NGGTC",0.000206918102270851
"NGGTG",0.000949760674391225
"NGGTT",0.00194568108757647
"NGGTN",0.0017199669217741
"NGGNA",0.00201979450293914
"NGGNC",0.000221593536694704
"NGGNG",0.000557268163929148
"NGGNT",0.00158924519100606
"NGGNN",0.00109697534864226
"NGTAA",0.00124729678335168
"NGTAC",0.00175535514795213
"NGTAG",0.0015696892308864
"NGTAT",0.00146630322527099
"NGTAN",0.0015096610968653
"NGTCA",0.000513090584107297
"NGTCC",0.000540367268189374
"NGTCG",0.000491609421826988
"NGTCT",0.000522743541016493
"NGTCN",0.000516952703785038
"NGTGA",0.000629480813599678
"NGTGC",0.000534687042554599
"NGTGG",0.000715269312769742
"NGTGT",0.000516200553882693
"NGTGN",0.000598909430701678
"NGTTA",0.000772581712257142
"NGTTC",0.000905243186988807
"NGTTG",0.000574221304419899
"NGTTT",0.000941243504396094
"NGTTN",0.000798322427015485
"NGTNA",0.000790612473328949
"NGTNC",0.000933913161421228
"NGTNG",0.000837697317475756
"NGTNT",0.000861622706141567
"NGTNN",0.000855961414591875
"NGNAA",NA
"NGNAC",NA
"NGNAG",NA
"NGNAT",NA
"NGNAN",NA
"NGNCA",NA
"NGNCC",NA
"NGNCG",NA
"NGNCT",NA
"NGNCN",NA
"NGNGA",NA
"NGNGC",NA
"NGNGG",NA
"NGNGT",NA
"NGNGN",NA
"NGNTA",NA
"NGNTC",NA
"NGNTG",NA
"NGNTT",NA
"NGNTN",NA
"NGNNA",NA
"NGNNC",NA
"NGNNG",NA
"NGNNT",NA
"NGNNN",NA
"NTAAA",0.00173662887031538
"NTAAC",0.00152965555075938
"NTAAG",0.00148429495815676
"NTAAT",0.00149568359375248
"NTAAN",0.001561565743246
"NTACA",0.00176759444192188
"NTACC",0.00166298578813753
"NTACG",0.0016845252732694
"NTACT",0.00166298578813753
"NTACN",0.00169452282286658
"NTAGA",0.00122435081997274
"NTAGC",0.00130593888821018
"NTAGG",0.00150888920986579
"NTAGT",0.00113518484424017
"NTAGN",0.00129359094057222
"NTATA",0.0025741028974408
"NTATC",0.00264927204890577
"NTATG",0.0027241009779098
"NTATT",0.00262263636499459
"NTATN",0.00264252807231274
"NTANA",0.0018256692574127
"NTANC",0.00178696306900321
"NTANG",0.00185045260480044
"NTANT",0.00172912264778119
"NTANN",0.00179805189474938
"NTCAA",0.00136167388054425
"NTCAC",0.00034147371071834
"NTCAG",0.000489875641797688
"NTCAT",0.000388977439942052
"NTCAN",0.000645500168250583
"NTCCA",0.000579693650098619
"NTCCC",0.000754840282178988
"NTCCG",0.000540756126416913
"NTCCT",0.00107954837231625
"NTCCN",0.000738709607752691
"NTCGA",0.000487648687207841
"NTCGC",0.000686836588599773
"NTCGG",0.000675112273829246
"NTCGT",0.000660534741553831
"NTCGN",0.000627533072797673
"NTCTA",0.00138437095053941
"NTCTC",0.000583399218360344
"NTCTG",0.000965705265651017
"NTCTT",0.000877754574903801
"NTCTN",0.000952807502363642
"NTCNA",0.00095334679209753
"NTCNC",0.000591637449964361
"NTCNG",0.000667862326923716
"NTCNT",0.000751703782178982
"NTCNN",0.000741137587791147
"NTGAA",0.000423811322559297
"NTGAC",0.000181115379028621
"NTGAG",0.000526528521607319
"NTGAT",0.00118513727448927
"NTGAN",0.000579148124421128
"NTGCA",0.00189683986863108
"NTGCC",0.000340804252979081
"NTGCG",0.000870993310011212
"NTGCT",0.00187218910439764
"NTGCN",0.00124520663400475
"NTGGA",0.000498810378833836
"NTGGC",0.000151494353149666
"NTGGG",0.000157347817773699
"NTGGT",0.00047660326123126
"NTGGN",0.000321063952747115
"NTGTA",0.00328254950781795
"NTGTC",0.000299250379687997
"NTGTG",0.00101835119704759
"NTGTT",0.00155558395632582
"NTGTN",0.00153893376021984
"NTGNA",0.00152550276946054
"NTGNC",0.000243166091211341
"NTGNG",0.000643305211609955
"NTGNT",0.001272378399111
"NTGNN",0.000921088117848209
"NTTAA",0.00153832313135021
"NTTAC",0.00181542931499325
"NTTAG",0.00162445455722926
"NTTAT",0.00149326530752201
"NTTAN",0.00161786807777368
"NTTCA",0.000399257967749686
"NTTCC",0.000399257967749686
"NTTCG",0.000399257967749686
"NTTCT",0.000399257967749686
"NTTCN",0.000399257967749686
"NTTGA",0.000634965856495195
"NTTGC",0.000508676530542837
"NTTGG",0.000507425182447131
"NTTGT",0.000393989172852217
"NTTGN",0.000511264185584345
"NTTTA",0.000675203983668113
"NTTTC",0.000758365880128212
"NTTTG",0.00068659085090446
"NTTTT",0.000650055341871196
"NTTTN",0.000692554014142995
"NTTNA",0.000811937734815801
"NTTNC",0.000870432423353496
"NTTNG",0.000804432139582634
"NTTNT",0.000734141947498777
"NTTNN",0.000805236061312677
"NTNAA",NA
"NTNAC",NA
"NTNAG",NA
"NTNAT",NA
"NTNAN",NA
"NTNCA",NA
"NTNCC",NA
"NTNCG",NA
"NTNCT",NA
"NTNCN",NA
"NTNGA",NA
"NTNGC",NA
"NTNGG",NA
"NTNGT",NA
"NTNGN",NA
"NTNTA",NA
"NTNTC",NA
"NTNTG",NA
"NTNTT",NA
"NTNTN",NA
"NTNNA",NA
"NTNNC",NA
"NTNNG",NA
"NTNNT",NA
"NTNNN",NA
"NNAAA",0.00115402398387032
"NNAAC",0.00107640246887996
"NNAAG",0.00107113690150935
"NNAAT",0.00120528946908159
"NNAAN",0.00112671320583531
"NNACA",0.00108555887749204
"NNACC",0.00109391804171935
"NNACG",0.00117692080456128
"NNACT",0.00108924108944883
"NNACN",0.00111140970330537
"NNAGA",0.000901420292897004
"NNAGC",0.000946993901710557
"NNAGG",0.000960256779286262
"NNAGT",0.000967223868092426
"NNAGN",0.000943973710496562
"NNATA",0.00156942345370744
"NNATC",0.00153491613888805
"NNATG",0.00163689224016995
"NNATT",0.00158810324697529
"NNATN",0.00158233376993518
"NNANA",0.0011776066519917
"NNANC",0.00116305763779948
"NNANG",0.00121130168138171
"NNANT",0.00121246441839953
"NNANN",0.00119110759739311
"NNCAA",0.00116645063274119
"NNCAC",0.000853517455555616
"NNCAG",0.000741695187971202
"NNCAT",0.000692172146845631
"NNCAN",0.000863458855778411
"NNCCA",0.000731803523389887
"NNCCC",0.00094929586085973
"NNCCG",0.000805235056062128
"NNCCT",0.000722021703846414
"NNCCN",0.00080208903603954
"NNCGA",0.000653792588917101
"NNCGC",0.000548190163861994
"NNCGG",0.000778667480195384
"NNCGT",0.000863442047718719
"NNCGN",0.0007110230701733
"NNCTA",0.00128475716196502
"NNCTC",0.000840052625752127
"NNCTG",0.00108916009925718
"NNCTT",0.000935261573829678
"NNCTN",0.001037307865201
"NNCNA",0.000959200976753301
"NNCNC",0.000797764026507367
"NNCNG",0.000853689455871473
"NNCNT",0.00080322436806011
"NNCNN",0.000853469706798063
"NNGAA",0.000507413032679065
"NNGAC",0.000183511847571105
"NNGAG",0.0004237586234321
"NNGAT",0.00133490297281716
"NNGAN",0.000612396619124857
"NNGCA",0.00211529013841904
"NNGCC",0.000366987233978881
"NNGCG",0.000813608501185433
"NNGCT",0.00216862061463983
"NNGCN",0.0013661266220558
"NNGGA",0.000661307736390258
"NNGGC",0.000145048600476315
"NNGGG",0.00012480287432882
"NNGGT",0.000569946945087616
"NNGGN",0.000375276539070752
"NNGTA",0.0036403985601684
"NNGTC",0.000321370522418746
"NNGTG",0.000970549446901025
"NNGTT",0.00167141522004672
"NNGTN",0.00165093343738372
"NNGNA",0.00173110236691419
"NNGNC",0.000254229551111262
"NNGNG",0.000583179861461845
"NNGNT",0.00143622143814783
"NNGNN",0.00100118330440878
"NNTAA",0.00120553692936602
"NNTAC",0.00164130739990507
"NNTAG",0.001399936511068
"NNTAT",0.0013556231634483
"NNTAN",0.00140060100094684
"NNTCA",0.000447299422455577
"NNTCC",0.000463189196857458
"NNTCG",0.000444918789490485
"NNTCT",0.000433655420978503
"NNTCN",0.000447265707445506
"NNTGA",0.000580929232929431
"NNTGC",0.000674951214307761
"NNTGG",0.000764048765809374
"NNTGT",0.000675804255823876
"NNTGN",0.000673933367217611
"NNTTA",0.000861542670332241
"NNTTC",0.000963383586604383
"NNTTG",0.000916734869557186
"NNTTT",0.000938968833467135
"NNTTN",0.000920157489990236
"NNTNA",0.000773827063770816
"NNTNC",0.000935707849418668
"NNTNG",0.000881409733981261
"NNTNT",0.000851012918429452
"NNTNN",0.000860489391400049
"NNNAA",NA
"NNNAC",NA
"NNNAG",NA
"NNNAT",NA
"NNNAN",NA
"NNNCA",NA
"NNNCC",NA
"NNNCG",NA
"NNNCT",NA
"NNNCN",NA
"NNNGA",NA
"NNNGC",NA
"NNNGG",NA
"NNNGT",NA
"NNNGN",NA
"NNNTA",NA
"NNNTC",NA
"NNNTG",NA
"NNNTT",NA
"NNNTN",NA
"NNNNA",NA
"NNNNC",NA
"NNNNG",NA
"NNNNT",NA
"NNNNN",NA
